city,datetime,temperature,precipitation,wind_speed,wind_direction
Madrid Barajas,2026-01-01T00:00,1.5,0.0,3.0,346
Madrid Barajas,2026-01-01T01:00,0.4,0.0,3.1,339
Madrid Barajas,2026-01-01T02:00,0.1,0.0,2.9,360
Madrid Barajas,2026-01-01T03:00,0.2,0.0,2.9,360
Madrid Barajas,2026-01-01T04:00,0.1,0.0,2.9,360
Madrid Barajas,2026-01-01T05:00,-0.1,0.0,2.5,360
Madrid Barajas,2026-01-01T06:00,-0.3,0.0,2.5,360
Madrid Barajas,2026-01-01T07:00,-0.6,0.0,3.2,360
Madrid Barajas,2026-01-01T08:00,-0.6,0.0,2.9,360
Madrid Barajas,2026-01-01T09:00,-0.7,0.0,2.5,360
Madrid Barajas,2026-01-01T10:00,-0.2,0.0,2.2,360
Madrid Barajas,2026-01-01T11:00,1.4,0.0,2.3,18
Madrid Barajas,2026-01-01T12:00,3.1,0.0,1.5,45
Madrid Barajas,2026-01-01T13:00,4.7,0.0,1.4,90
Madrid Barajas,2026-01-01T14:00,5.8,0.0,1.0,135
Madrid Barajas,2026-01-01T15:00,6.1,0.0,2.6,146
Madrid Barajas,2026-01-01T16:00,6.3,0.0,3.6,135
Madrid Barajas,2026-01-01T17:00,6.1,0.0,3.1,126
Madrid Barajas,2026-01-01T18:00,5.8,0.0,2.2,90
Madrid Barajas,2026-01-01T19:00,4.9,0.0,1.0,45
Madrid Barajas,2026-01-01T20:00,4.4,0.0,2.2,360
Madrid Barajas,2026-01-01T21:00,3.8,0.0,2.5,360
Madrid Barajas,2026-01-01T22:00,3.5,0.0,2.3,342
Madrid Barajas,2026-01-01T23:00,3.5,0.0,2.5,352
Madrid Barajas,2026-01-02T00:00,3.7,0.0,2.6,16
Madrid Barajas,2026-01-02T01:00,4.7,0.0,2.9,30
Madrid Barajas,2026-01-02T02:00,4.6,0.0,2.7,23
Madrid Barajas,2026-01-02T03:00,4.6,0.0,2.2,9
Madrid Barajas,2026-01-02T04:00,4.7,0.0,3.3,13
Madrid Barajas,2026-01-02T05:00,4.8,0.1,3.2,27
Madrid Barajas,2026-01-02T06:00,4.7,0.1,2.4,27
Madrid Barajas,2026-01-02T07:00,4.3,0.0,3.2,27
Madrid Barajas,2026-01-02T08:00,4.1,0.0,2.7,23
Madrid Barajas,2026-01-02T09:00,3.9,0.0,3.5,24
Madrid Barajas,2026-01-02T10:00,4.4,0.0,2.6,16
Madrid Barajas,2026-01-02T11:00,5.3,0.0,3.1,21
Madrid Barajas,2026-01-02T12:00,6.6,0.0,3.2,27
Madrid Barajas,2026-01-02T13:00,7.5,0.0,4.6,39
Madrid Barajas,2026-01-02T14:00,8.7,0.0,6.2,54
Madrid Barajas,2026-01-02T15:00,9.4,0.0,3.4,58
Madrid Barajas,2026-01-02T16:00,9.8,0.1,0.8,27
Madrid Barajas,2026-01-02T17:00,9.6,0.1,4.4,81
Madrid Barajas,2026-01-02T18:00,9.0,0.1,2.4,63
Madrid Barajas,2026-01-02T19:00,8.3,0.1,3.6,360
Madrid Barajas,2026-01-02T20:00,7.7,0.1,3.6,354
Madrid Barajas,2026-01-02T21:00,7.5,0.1,3.6,360
Madrid Barajas,2026-01-02T22:00,7.5,0.0,2.9,30
Madrid Barajas,2026-01-02T23:00,7.2,0.0,3.3,49
Madrid Barajas,2026-01-03T00:00,7.0,0.0,3.5,24
Madrid Barajas,2026-01-03T01:00,6.9,0.0,4.4,9
Madrid Barajas,2026-01-03T02:00,6.9,0.0,4.9,17
Madrid Barajas,2026-01-03T03:00,7.0,0.0,5.2,25
Madrid Barajas,2026-01-03T04:00,7.1,0.0,5.6,27
Madrid Barajas,2026-01-03T05:00,7.4,0.0,6.0,33
Madrid Barajas,2026-01-03T06:00,7.5,0.0,5.4,37
Madrid Barajas,2026-01-03T07:00,7.3,0.0,5.2,25
Madrid Barajas,2026-01-03T08:00,7.5,0.0,4.2,20
Madrid Barajas,2026-01-03T09:00,7.8,0.0,2.5,360
Madrid Barajas,2026-01-03T10:00,8.0,0.0,2.9,30
Madrid Barajas,2026-01-03T11:00,8.4,0.1,3.1,54
Madrid Barajas,2026-01-03T12:00,9.1,0.1,1.3,124
Madrid Barajas,2026-01-03T13:00,10.1,0.2,3.2,63
Madrid Barajas,2026-01-03T14:00,10.5,0.2,4.3,48
Madrid Barajas,2026-01-03T15:00,11.1,0.0,7.1,49
Madrid Barajas,2026-01-03T16:00,11.6,0.0,7.3,79
Madrid Barajas,2026-01-03T17:00,11.3,0.0,5.3,62
Madrid Barajas,2026-01-03T18:00,10.6,0.0,4.0,27
Madrid Barajas,2026-01-03T19:00,10.3,0.0,4.0,10
Madrid Barajas,2026-01-03T20:00,9.5,0.0,4.1,15
Madrid Barajas,2026-01-03T21:00,8.9,0.0,3.9,22
Madrid Barajas,2026-01-03T22:00,8.4,0.0,3.4,18
Madrid Barajas,2026-01-03T23:00,8.0,0.0,3.1,21
Madrid Barajas,2026-01-04T00:00,7.8,0.0,2.6,16
Madrid Barajas,2026-01-04T01:00,7.8,0.0,3.3,354
Madrid Barajas,2026-01-04T02:00,7.4,0.0,2.7,337
Madrid Barajas,2026-01-04T03:00,7.3,0.0,2.5,315
Madrid Barajas,2026-01-04T04:00,7.2,0.0,2.6,304
Madrid Barajas,2026-01-04T05:00,6.8,0.0,2.9,330
Madrid Barajas,2026-01-04T06:00,6.6,0.0,2.4,333
Madrid Barajas,2026-01-04T07:00,6.8,0.0,2.2,9
Madrid Barajas,2026-01-04T08:00,6.8,0.0,2.4,27
Madrid Barajas,2026-01-04T09:00,6.8,0.0,3.1,45
Madrid Barajas,2026-01-04T10:00,7.2,0.0,3.6,37
Madrid Barajas,2026-01-04T11:00,8.1,0.0,4.8,42
Madrid Barajas,2026-01-04T12:00,9.1,0.0,6.9,43
Madrid Barajas,2026-01-04T13:00,10.0,0.0,4.8,63
Madrid Barajas,2026-01-04T14:00,10.6,0.0,5.0,69
Madrid Barajas,2026-01-04T15:00,11.2,0.0,4.7,86
Madrid Barajas,2026-01-04T16:00,11.2,0.0,5.5,79
Madrid Barajas,2026-01-04T17:00,10.6,0.1,6.5,71
Madrid Barajas,2026-01-04T18:00,9.6,0.1,6.6,68
Madrid Barajas,2026-01-04T19:00,9.4,0.1,4.0,90
Madrid Barajas,2026-01-04T20:00,8.2,0.5,6.0,65
Madrid Barajas,2026-01-04T21:00,6.8,1.2,7.1,49
Madrid Barajas,2026-01-04T22:00,5.5,1.7,8.4,43
Madrid Barajas,2026-01-04T23:00,4.6,1.7,10.6,55
Madrid Barajas,2026-01-05T00:00,3.8,0.9,12.0,57
Madrid Barajas,2026-01-05T01:00,3.5,0.9,12.6,53
Madrid Barajas,2026-01-05T02:00,3.1,0.2,12.5,46
Madrid Barajas,2026-01-05T03:00,3.0,0.1,14.3,43
Madrid Barajas,2026-01-05T04:00,1.7,0.0,16.1,50
Madrid Barajas,2026-01-05T05:00,0.6,0.2,14.3,47
Madrid Barajas,2026-01-05T06:00,-0.2,0.6,14.3,51
Madrid Barajas,2026-01-05T07:00,-0.8,1.5,13.2,55
Madrid Barajas,2026-01-05T08:00,-1.0,1.5,13.0,62
Madrid Barajas,2026-01-05T09:00,-0.4,0.2,9.5,65
Madrid Barajas,2026-01-05T10:00,1.0,0.0,6.9,39
Madrid Barajas,2026-01-05T11:00,1.9,0.0,8.8,35
Madrid Barajas,2026-01-05T12:00,3.1,0.0,7.6,31
Madrid Barajas,2026-01-05T13:00,4.5,0.0,7.7,28
Madrid Barajas,2026-01-05T14:00,5.5,0.0,8.7,17
Madrid Barajas,2026-01-05T15:00,6.2,0.0,11.2,15
Madrid Barajas,2026-01-05T16:00,6.1,0.0,12.5,12
Madrid Barajas,2026-01-05T17:00,5.1,0.0,14.6,10
Madrid Barajas,2026-01-05T18:00,3.9,0.0,14.4,13
Madrid Barajas,2026-01-05T19:00,2.5,0.0,14.8,18
Madrid Barajas,2026-01-05T20:00,1.8,0.0,13.2,17
Madrid Barajas,2026-01-05T21:00,1.3,0.0,12.2,14
Madrid Barajas,2026-01-05T22:00,0.7,0.0,10.8,15
Madrid Barajas,2026-01-05T23:00,0.4,0.0,8.9,14
Madrid Barajas,2026-01-06T00:00,0.3,0.0,7.2,6
Madrid Barajas,2026-01-06T01:00,-0.2,0.0,5.0,360
Madrid Barajas,2026-01-06T02:00,-0.4,0.0,3.1,339
Madrid Barajas,2026-01-06T03:00,-0.6,0.0,3.1,306
Madrid Barajas,2026-01-06T04:00,-1.3,0.0,3.0,284
Madrid Barajas,2026-01-06T05:00,-1.8,0.0,4.0,270
Madrid Barajas,2026-01-06T06:00,-2.5,0.0,4.0,270
Madrid Barajas,2026-01-06T07:00,-2.5,0.0,3.1,291
Madrid Barajas,2026-01-06T08:00,-1.3,0.0,6.7,344
Madrid Barajas,2026-01-06T09:00,-0.4,0.0,11.0,341
Madrid Barajas,2026-01-06T10:00,1.2,0.0,13.9,350
Madrid Barajas,2026-01-06T11:00,2.8,0.0,18.4,358
Madrid Barajas,2026-01-06T12:00,3.7,0.0,22.4,5
Madrid Barajas,2026-01-06T13:00,4.7,0.0,20.3,7
Madrid Barajas,2026-01-06T14:00,5.2,0.0,21.0,7
Madrid Barajas,2026-01-06T15:00,5.3,0.0,21.3,5
Madrid Barajas,2026-01-06T16:00,5.3,0.0,19.5,2
Madrid Barajas,2026-01-06T17:00,4.6,0.0,18.4,360
Madrid Barajas,2026-01-06T18:00,3.5,0.0,15.2,356
Madrid Barajas,2026-01-06T19:00,2.4,0.0,11.9,360
Madrid Barajas,2026-01-06T20:00,1.6,0.0,7.3,11
Madrid Barajas,2026-01-06T21:00,1.0,0.0,4.4,9
Madrid Barajas,2026-01-06T22:00,0.5,0.0,2.5,360
Madrid Barajas,2026-01-06T23:00,0.4,0.0,2.5,262
Madrid Barajas,2026-01-07T00:00,0.1,0.0,2.3,231
Madrid Barajas,2026-01-07T01:00,-0.5,0.0,2.7,247
Madrid Barajas,2026-01-07T02:00,-0.9,0.0,2.6,236
Madrid Barajas,2026-01-07T03:00,-1.2,0.0,2.6,214
Madrid Barajas,2026-01-07T04:00,-1.9,0.0,2.9,173
Madrid Barajas,2026-01-07T05:00,-2.3,0.0,3.3,167
Madrid Barajas,2026-01-07T06:00,-2.8,0.0,2.9,187
Madrid Barajas,2026-01-07T07:00,-3.1,0.0,2.6,164
Madrid Barajas,2026-01-07T08:00,-3.1,0.0,2.2,171
Madrid Barajas,2026-01-07T09:00,-3.0,0.0,2.6,146
Madrid Barajas,2026-01-07T10:00,-1.9,0.0,1.6,117
Madrid Barajas,2026-01-07T11:00,-0.3,0.0,1.5,104
Madrid Barajas,2026-01-07T12:00,1.7,0.0,2.4,153
Madrid Barajas,2026-01-07T13:00,4.5,0.0,4.7,189
Madrid Barajas,2026-01-07T14:00,6.2,0.0,4.7,212
Madrid Barajas,2026-01-07T15:00,7.6,0.0,3.9,236
Madrid Barajas,2026-01-07T16:00,8.5,0.0,4.1,225
Madrid Barajas,2026-01-07T17:00,8.4,0.0,4.2,239
Madrid Barajas,2026-01-07T18:00,7.4,0.0,2.1,211
Madrid Barajas,2026-01-07T19:00,6.2,0.0,2.5,180
Madrid Barajas,2026-01-07T20:00,5.2,0.0,2.9,210
Madrid Barajas,2026-01-07T21:00,3.9,0.0,2.3,231
Madrid Barajas,2026-01-07T22:00,3.5,0.0,2.8,220
Madrid Barajas,2026-01-07T23:00,2.4,0.0,3.7,191
Madrid Barajas,2026-01-08T00:00,1.0,0.0,4.0,180
Madrid Barajas,2026-01-08T01:00,0.3,0.0,4.0,170
Madrid Barajas,2026-01-08T02:00,0.1,0.0,4.0,170
Madrid Barajas,2026-01-08T03:00,0.1,0.0,4.2,160
Madrid Barajas,2026-01-08T04:00,0.5,0.0,3.3,167
Madrid Barajas,2026-01-08T05:00,1.0,0.0,3.6,174
Madrid Barajas,2026-01-08T06:00,1.2,0.0,2.9,180
Madrid Barajas,2026-01-08T07:00,1.6,0.0,3.0,194
Madrid Barajas,2026-01-08T08:00,1.7,0.0,2.3,198
Madrid Barajas,2026-01-08T09:00,1.8,0.0,2.8,220
Madrid Barajas,2026-01-08T10:00,2.4,0.0,4.2,200
Madrid Barajas,2026-01-08T11:00,2.7,0.0,5.2,205
Madrid Barajas,2026-01-08T12:00,3.1,0.0,6.0,205
Madrid Barajas,2026-01-08T13:00,3.1,0.0,5.4,217
Madrid Barajas,2026-01-08T14:00,4.0,0.0,5.4,228
Madrid Barajas,2026-01-08T15:00,4.7,0.0,6.4,218
Madrid Barajas,2026-01-08T16:00,4.5,0.0,6.1,208
Madrid Barajas,2026-01-08T17:00,4.6,0.0,7.3,213
Madrid Barajas,2026-01-08T18:00,4.5,0.0,7.9,219
Madrid Barajas,2026-01-08T19:00,4.3,0.0,9.2,219
Madrid Barajas,2026-01-08T20:00,4.4,0.0,8.9,220
Madrid Barajas,2026-01-08T21:00,4.3,0.0,9.4,212
Madrid Barajas,2026-01-08T22:00,4.5,0.0,10.8,217
Madrid Barajas,2026-01-08T23:00,4.4,0.0,11.1,216
Madrid Barajas,2026-01-09T00:00,4.7,0.0,12.2,225
Madrid Barajas,2026-01-09T01:00,5.0,0.0,9.4,220
Madrid Barajas,2026-01-09T02:00,5.0,0.0,11.5,221
Madrid Barajas,2026-01-09T03:00,5.3,0.0,11.7,227
Madrid Barajas,2026-01-09T04:00,6.1,0.0,13.1,233
Madrid Barajas,2026-01-09T05:00,6.5,0.0,13.6,230
Madrid Barajas,2026-01-09T06:00,7.0,0.0,13.2,235
Madrid Barajas,2026-01-09T07:00,7.3,0.0,12.1,240
Madrid Barajas,2026-01-09T08:00,7.5,0.0,12.4,234
Madrid Barajas,2026-01-09T09:00,7.5,0.0,13.8,229
Madrid Barajas,2026-01-09T10:00,7.8,0.0,13.3,232
Madrid Barajas,2026-01-09T11:00,9.4,0.0,16.8,247
Madrid Barajas,2026-01-09T12:00,10.8,0.0,20.9,273
Madrid Barajas,2026-01-09T13:00,11.7,0.0,19.5,274
Madrid Barajas,2026-01-09T14:00,11.9,0.0,20.7,277
Madrid Barajas,2026-01-09T15:00,12.0,0.0,20.1,279
Madrid Barajas,2026-01-09T16:00,11.9,0.0,18.8,274
Madrid Barajas,2026-01-09T17:00,11.2,0.0,18.9,279
Madrid Barajas,2026-01-09T18:00,10.2,0.0,16.9,268
Madrid Barajas,2026-01-09T19:00,9.1,0.0,14.8,256
Madrid Barajas,2026-01-09T20:00,8.4,0.0,14.5,256
Madrid Barajas,2026-01-09T21:00,7.7,0.0,13.9,253
Madrid Barajas,2026-01-09T22:00,7.4,0.0,13.0,256
Madrid Barajas,2026-01-09T23:00,7.1,0.0,10.5,264
Madrid Barajas,2026-01-10T00:00,6.9,0.0,7.9,273
Madrid Barajas,2026-01-10T01:00,6.7,0.0,6.1,273
Madrid Barajas,2026-01-10T02:00,6.1,0.0,5.1,278
Madrid Barajas,2026-01-10T03:00,5.6,0.0,4.7,274
Madrid Barajas,2026-01-10T04:00,4.8,0.0,4.7,270
Madrid Barajas,2026-01-10T05:00,4.1,0.0,3.6,270
Madrid Barajas,2026-01-10T06:00,3.6,0.0,2.5,270
Madrid Barajas,2026-01-10T07:00,3.5,0.0,1.8,281
Madrid Barajas,2026-01-10T08:00,3.3,0.0,1.5,225
Madrid Barajas,2026-01-10T09:00,2.9,0.0,1.9,202
Madrid Barajas,2026-01-10T10:00,3.6,0.0,0.4,180
Madrid Barajas,2026-01-10T11:00,5.1,0.0,0.8,117
Madrid Barajas,2026-01-10T12:00,6.7,0.0,0.8,153
Madrid Barajas,2026-01-10T13:00,8.4,0.0,1.6,153
Madrid Barajas,2026-01-10T14:00,9.0,0.0,1.8,191
Madrid Barajas,2026-01-10T15:00,9.5,0.0,1.8,217
Madrid Barajas,2026-01-10T16:00,10.1,0.0,2.0,225
Madrid Barajas,2026-01-10T17:00,9.9,0.0,1.6,207
Madrid Barajas,2026-01-10T18:00,9.2,0.0,1.8,79
Madrid Barajas,2026-01-10T19:00,7.4,0.0,2.9,90
Madrid Barajas,2026-01-10T20:00,6.1,0.0,2.9,60
Madrid Barajas,2026-01-10T21:00,4.7,0.0,2.6,34
Madrid Barajas,2026-01-10T22:00,3.0,0.0,2.5,360
Madrid Barajas,2026-01-10T23:00,2.0,0.0,2.7,337
Madrid Barajas,2026-01-11T00:00,1.3,0.0,2.4,333
Madrid Barajas,2026-01-11T01:00,0.7,0.0,2.2,360
Madrid Barajas,2026-01-11T02:00,0.2,0.0,2.2,360
Madrid Barajas,2026-01-11T03:00,-0.3,0.0,1.8,360
Madrid Barajas,2026-01-11T04:00,-1.2,0.0,1.6,27
Madrid Barajas,2026-01-11T05:00,-1.5,0.0,1.3,34
Madrid Barajas,2026-01-11T06:00,-1.7,0.0,1.1,18
Madrid Barajas,2026-01-11T07:00,-2.0,0.0,1.0,45
Madrid Barajas,2026-01-11T08:00,-2.1,0.0,1.5,14
Madrid Barajas,2026-01-11T09:00,-2.3,0.0,1.4,360
Madrid Barajas,2026-01-11T10:00,-1.2,0.0,1.1,342
Madrid Barajas,2026-01-11T11:00,1.7,0.0,0.7,90
Madrid Barajas,2026-01-11T12:00,3.7,0.0,2.3,141
Madrid Barajas,2026-01-11T13:00,6.6,0.0,3.1,159
Madrid Barajas,2026-01-11T14:00,8.3,0.0,3.4,198
Madrid Barajas,2026-01-11T15:00,9.5,0.0,4.0,180
Madrid Barajas,2026-01-11T16:00,10.6,0.0,5.1,184
Madrid Barajas,2026-01-11T17:00,10.6,0.0,5.1,184
Madrid Barajas,2026-01-11T18:00,9.7,0.0,2.9,150
Madrid Barajas,2026-01-11T19:00,8.0,0.0,3.4,148
Madrid Barajas,2026-01-11T20:00,7.3,0.0,3.0,166
Madrid Barajas,2026-01-11T21:00,6.3,0.0,3.3,174
Madrid Barajas,2026-01-11T22:00,5.4,0.0,3.3,167
Madrid Barajas,2026-01-11T23:00,4.6,0.0,2.9,173
Madrid Barajas,2026-01-12T00:00,4.0,0.0,2.2,171
Madrid Barajas,2026-01-12T01:00,3.9,0.0,1.1,72
Madrid Barajas,2026-01-12T02:00,3.4,0.0,1.3,34
Madrid Barajas,2026-01-12T03:00,2.6,0.0,1.1,18
Madrid Barajas,2026-01-12T04:00,2.1,0.0,2.2,360
Madrid Barajas,2026-01-12T05:00,1.3,0.0,2.9,7
Madrid Barajas,2026-01-12T06:00,1.4,0.0,2.6,344
Madrid Barajas,2026-01-12T07:00,2.6,0.0,1.8,349
Madrid Barajas,2026-01-12T08:00,3.0,0.0,2.2,360
Madrid Barajas,2026-01-12T09:00,3.4,0.0,2.4,27
Madrid Barajas,2026-01-12T10:00,4.7,0.0,2.5,360
Madrid Barajas,2026-01-12T11:00,6.0,0.0,2.5,360
Madrid Barajas,2026-01-12T12:00,7.6,0.0,2.2,351
Madrid Barajas,2026-01-12T13:00,7.9,0.0,1.8,349
Madrid Barajas,2026-01-12T14:00,9.1,0.0,1.1,72
Madrid Barajas,2026-01-12T15:00,9.7,0.0,2.3,108
Madrid Barajas,2026-01-12T16:00,9.6,0.0,2.6,74
Madrid Barajas,2026-01-12T17:00,9.8,0.0,3.4,72
Madrid Barajas,2026-01-12T18:00,9.3,0.0,3.4,32
Madrid Barajas,2026-01-12T19:00,7.9,0.0,4.0,5
Madrid Barajas,2026-01-12T20:00,7.1,0.0,4.0,5
Madrid Barajas,2026-01-12T21:00,6.3,0.0,3.0,14
Madrid Barajas,2026-01-12T22:00,6.2,0.0,2.7,23
Madrid Barajas,2026-01-12T23:00,5.5,0.0,2.9,7
Madrid Barajas,2026-01-13T00:00,5.0,0.0,2.9,360
Madrid Barajas,2026-01-13T01:00,4.0,0.0,3.2,360
Madrid Barajas,2026-01-13T02:00,3.1,0.0,2.9,360
Madrid Barajas,2026-01-13T03:00,2.5,0.0,1.9,22
Madrid Barajas,2026-01-13T04:00,1.7,0.0,2.5,360
Madrid Barajas,2026-01-13T05:00,1.5,0.0,2.2,351
Madrid Barajas,2026-01-13T06:00,1.6,0.0,1.8,323
Madrid Barajas,2026-01-13T07:00,1.9,0.0,2.2,9
Madrid Barajas,2026-01-13T08:00,1.4,0.0,2.9,90
Madrid Barajas,2026-01-13T09:00,2.2,0.0,2.3,108
Madrid Barajas,2026-01-13T10:00,4.0,0.0,2.5,135
Madrid Barajas,2026-01-13T11:00,5.9,0.0,2.6,124
Madrid Barajas,2026-01-13T12:00,8.6,0.0,6.1,152
Madrid Barajas,2026-01-13T13:00,10.2,0.0,9.3,164
Madrid Barajas,2026-01-13T14:00,11.3,0.0,11.6,175
Madrid Barajas,2026-01-13T15:00,12.0,0.0,13.7,182
Madrid Barajas,2026-01-13T16:00,12.0,0.0,12.6,182
Madrid Barajas,2026-01-13T17:00,11.3,0.0,10.5,174
Madrid Barajas,2026-01-13T18:00,10.5,0.0,6.6,171
Madrid Barajas,2026-01-13T19:00,9.5,0.3,4.4,189
Madrid Barajas,2026-01-13T20:00,8.8,0.5,2.9,210
Madrid Barajas,2026-01-13T21:00,8.5,0.5,2.3,162
Madrid Barajas,2026-01-13T22:00,8.2,0.2,3.3,131
Madrid Barajas,2026-01-13T23:00,7.9,0.9,3.6,127
Madrid Barajas,2026-01-14T00:00,7.8,0.2,4.2,160
Madrid Barajas,2026-01-14T01:00,7.7,0.0,3.7,169
Madrid Barajas,2026-01-14T02:00,7.6,0.1,3.3,174
Madrid Barajas,2026-01-14T03:00,7.4,0.0,3.0,194
Madrid Barajas,2026-01-14T04:00,7.5,0.0,2.2,180
Madrid Barajas,2026-01-14T05:00,7.2,0.0,2.2,180
Madrid Barajas,2026-01-14T06:00,7.1,0.0,2.5,172
Madrid Barajas,2026-01-14T07:00,7.2,0.0,2.5,188
Madrid Barajas,2026-01-14T08:00,6.9,0.0,3.1,216
Madrid Barajas,2026-01-14T09:00,6.6,0.0,3.1,216
Madrid Barajas,2026-01-14T10:00,7.1,0.0,1.9,202
Madrid Barajas,2026-01-14T11:00,8.5,0.0,3.4,212
Madrid Barajas,2026-01-14T12:00,9.5,0.0,4.3,222
Madrid Barajas,2026-01-14T13:00,10.4,0.0,4.9,216
Madrid Barajas,2026-01-14T14:00,11.2,0.0,6.1,220
Madrid Barajas,2026-01-14T15:00,11.6,0.0,6.7,216
Madrid Barajas,2026-01-14T16:00,11.9,0.0,5.8,210
Madrid Barajas,2026-01-14T17:00,11.6,0.0,5.4,217
Madrid Barajas,2026-01-14T18:00,10.5,0.0,3.5,204
Madrid Barajas,2026-01-14T19:00,8.8,0.0,3.2,207
Madrid Barajas,2026-01-14T20:00,7.9,0.0,2.8,230
Madrid Barajas,2026-01-14T21:00,7.0,0.0,2.9,240
Madrid Barajas,2026-01-14T22:00,5.9,0.0,2.6,214
Madrid Barajas,2026-01-14T23:00,5.3,0.0,2.7,203
Madrid Barajas,2026-01-15T00:00,4.5,0.0,2.3,219
Madrid Barajas,2026-01-15T01:00,4.0,0.0,1.1,252
Madrid Barajas,2026-01-15T02:00,3.6,0.0,0.4,180
Madrid Barajas,2026-01-15T03:00,3.4,0.0,1.3,124
Madrid Barajas,2026-01-15T04:00,2.2,0.0,1.0,45
Madrid Barajas,2026-01-15T05:00,1.6,0.0,2.3,321
Madrid Barajas,2026-01-15T06:00,1.4,0.0,1.9,338
Madrid Barajas,2026-01-15T07:00,2.1,0.0,1.6,333
Madrid Barajas,2026-01-15T08:00,2.3,0.0,0.8,27
Madrid Barajas,2026-01-15T09:00,2.6,0.0,0.8,117
Madrid Barajas,2026-01-15T10:00,3.2,0.0,1.1,108
Madrid Barajas,2026-01-15T11:00,4.1,0.0,2.8,140
Madrid Barajas,2026-01-15T12:00,4.8,0.0,3.5,156
Madrid Barajas,2026-01-15T13:00,5.8,0.0,6.5,180
Madrid Barajas,2026-01-15T14:00,6.9,0.0,8.3,175
Madrid Barajas,2026-01-15T15:00,7.4,0.0,9.4,184
Madrid Barajas,2026-01-15T16:00,7.9,0.0,8.6,202
Madrid Barajas,2026-01-15T17:00,8.0,0.0,9.8,234
Madrid Barajas,2026-01-15T18:00,7.8,0.0,8.4,220
Madrid Barajas,2026-01-15T19:00,7.5,0.0,5.9,227
Madrid Barajas,2026-01-15T20:00,7.1,0.1,5.3,208
Madrid Barajas,2026-01-15T21:00,6.8,0.9,4.9,197
Madrid Barajas,2026-01-15T22:00,6.6,0.5,6.1,180
Madrid Barajas,2026-01-15T23:00,6.5,1.1,6.8,183
Madrid Barajas,2026-01-16T00:00,6.4,0.2,7.3,189
Madrid Barajas,2026-01-16T01:00,6.3,0.1,6.2,190
Madrid Barajas,2026-01-16T02:00,6.2,0.1,4.3,180
Madrid Barajas,2026-01-16T03:00,6.2,0.2,2.6,164
Madrid Barajas,2026-01-16T04:00,6.1,0.1,1.6,153
Madrid Barajas,2026-01-16T05:00,6.1,0.4,2.4,153
Madrid Barajas,2026-01-16T06:00,6.0,0.3,1.8,127
Madrid Barajas,2026-01-16T07:00,6.0,0.2,2.4,153
Madrid Barajas,2026-01-16T08:00,6.1,0.2,1.6,153
Madrid Barajas,2026-01-16T09:00,6.3,0.1,1.1,162
Madrid Barajas,2026-01-16T10:00,6.5,0.1,1.5,76
Madrid Barajas,2026-01-16T11:00,7.1,0.0,3.3,186
Madrid Barajas,2026-01-16T12:00,8.3,0.1,5.6,230
Madrid Barajas,2026-01-16T13:00,9.3,0.1,6.1,230
Madrid Barajas,2026-01-16T14:00,9.9,0.2,9.7,231
Madrid Barajas,2026-01-16T15:00,10.0,0.3,11.2,225
Madrid Barajas,2026-01-16T16:00,10.2,0.0,10.7,230
Madrid Barajas,2026-01-16T17:00,9.6,0.0,10.3,234
Madrid Barajas,2026-01-16T18:00,8.7,0.0,7.7,233
Madrid Barajas,2026-01-16T19:00,7.2,0.0,4.4,215
Madrid Barajas,2026-01-16T20:00,6.1,0.0,4.3,180
Madrid Barajas,2026-01-16T21:00,5.2,0.0,4.3,180
Madrid Barajas,2026-01-16T22:00,4.8,0.0,3.2,180
Madrid Barajas,2026-01-16T23:00,4.7,0.0,2.9,187
Madrid Barajas,2026-01-17T00:00,4.9,0.1,2.2,189
Madrid Barajas,2026-01-17T01:00,5.2,0.0,1.5,166
Madrid Barajas,2026-01-17T02:00,4.9,0.0,1.3,146
Madrid Barajas,2026-01-17T03:00,4.8,0.0,2.3,72
Madrid Barajas,2026-01-17T04:00,4.2,0.0,2.1,31
Madrid Barajas,2026-01-17T05:00,4.2,0.8,2.4,297
Madrid Barajas,2026-01-17T06:00,4.4,1.2,3.0,284
Madrid Barajas,2026-01-17T07:00,4.5,1.3,4.4,261
Madrid Barajas,2026-01-17T08:00,4.1,1.0,4.8,257
Madrid Barajas,2026-01-17T09:00,3.7,1.0,4.1,255
Madrid Barajas,2026-01-17T10:00,3.1,0.5,2.7,247
Madrid Barajas,2026-01-17T11:00,3.2,0.4,2.6,236
Madrid Barajas,2026-01-17T12:00,3.5,0.2,3.1,225
Madrid Barajas,2026-01-17T13:00,3.9,0.1,3.6,217
Madrid Barajas,2026-01-17T14:00,4.4,0.1,3.7,241
Madrid Barajas,2026-01-17T15:00,4.6,0.2,4.6,252
Madrid Barajas,2026-01-17T16:00,5.0,0.2,3.5,246
Madrid Barajas,2026-01-17T17:00,5.4,0.1,3.4,252
Madrid Barajas,2026-01-17T18:00,5.2,0.1,1.1,180
Madrid Barajas,2026-01-17T19:00,4.9,0.0,1.8,143
Madrid Barajas,2026-01-17T20:00,4.5,0.0,3.3,186
Madrid Barajas,2026-01-17T21:00,4.0,0.0,3.0,194
Madrid Barajas,2026-01-17T22:00,3.6,0.0,2.5,172
Madrid Barajas,2026-01-17T23:00,3.2,0.0,2.9,173
Madrid Barajas,2026-01-18T00:00,3.0,0.0,2.9,187
Madrid Barajas,2026-01-18T01:00,2.8,0.0,2.3,198
Madrid Barajas,2026-01-18T02:00,2.8,0.0,1.8,191
Madrid Barajas,2026-01-18T03:00,2.7,0.0,1.1,180
Madrid Barajas,2026-01-18T04:00,2.6,0.0,1.8,37
Madrid Barajas,2026-01-18T05:00,2.4,0.0,2.2,9
Madrid Barajas,2026-01-18T06:00,2.3,0.0,2.2,360
Madrid Barajas,2026-01-18T07:00,2.3,0.0,1.8,349
Madrid Barajas,2026-01-18T08:00,2.5,0.0,1.9,338
Madrid Barajas,2026-01-18T09:00,2.4,0.0,2.9,330
Madrid Barajas,2026-01-18T10:00,3.1,0.0,2.9,353
Madrid Barajas,2026-01-18T11:00,4.5,0.0,4.4,9
Madrid Barajas,2026-01-18T12:00,6.2,0.0,6.7,16
Madrid Barajas,2026-01-18T13:00,7.5,0.0,7.4,39
Madrid Barajas,2026-01-18T14:00,8.5,0.0,8.4,50
Madrid Barajas,2026-01-18T15:00,9.1,0.0,7.6,45
Madrid Barajas,2026-01-18T16:00,9.5,0.0,7.5,35
Madrid Barajas,2026-01-18T17:00,9.6,0.0,6.2,21
Madrid Barajas,2026-01-18T18:00,8.7,0.0,2.9,353
Madrid Barajas,2026-01-18T19:00,7.4,0.0,3.1,315
Madrid Barajas,2026-01-18T20:00,5.9,0.0,4.3,355
Madrid Barajas,2026-01-18T21:00,5.3,0.0,3.6,354
Madrid Barajas,2026-01-18T22:00,4.7,0.0,4.0,355
Madrid Barajas,2026-01-18T23:00,4.0,0.0,3.4,342
Madrid Barajas,2026-01-19T00:00,3.4,0.0,3.0,346
Madrid Barajas,2026-01-19T01:00,2.6,0.0,3.3,354
Madrid Barajas,2026-01-19T02:00,2.2,0.0,3.3,319
Madrid Barajas,2026-01-19T03:00,1.9,0.0,3.1,324
Madrid Barajas,2026-01-19T04:00,1.1,0.0,3.3,319
Madrid Barajas,2026-01-19T05:00,0.8,0.0,3.1,315
Madrid Barajas,2026-01-19T06:00,0.4,0.0,1.9,338
Madrid Barajas,2026-01-19T07:00,-0.5,0.0,1.9,338
Madrid Barajas,2026-01-19T08:00,-0.4,0.0,2.3,321
Madrid Barajas,2026-01-19T09:00,-0.3,0.0,2.0,315
Madrid Barajas,2026-01-19T10:00,1.3,0.0,2.3,321
Madrid Barajas,2026-01-19T11:00,2.8,0.0,2.6,304
Madrid Barajas,2026-01-19T12:00,4.5,0.1,2.2,270
Madrid Barajas,2026-01-19T13:00,7.1,0.0,1.8,217
Madrid Barajas,2026-01-19T14:00,8.0,0.0,1.1,270
Madrid Barajas,2026-01-19T15:00,8.9,0.0,1.1,360
Madrid Barajas,2026-01-19T16:00,10.0,0.0,0.4,360
Madrid Barajas,2026-01-19T17:00,9.9,0.0,2.2,351
Madrid Barajas,2026-01-19T18:00,9.2,0.0,4.8,13
Madrid Barajas,2026-01-19T19:00,7.4,0.0,6.8,25
Madrid Barajas,2026-01-19T20:00,6.0,0.0,5.9,14
Madrid Barajas,2026-01-19T21:00,5.3,0.0,6.6,9
Madrid Barajas,2026-01-19T22:00,4.5,0.0,4.7,351
Madrid Barajas,2026-01-19T23:00,3.5,0.0,3.2,333
Madrid Barajas,2026-01-20T00:00,2.5,0.0,3.1,324
Madrid Barajas,2026-01-20T01:00,1.7,0.0,2.8,320
Madrid Barajas,2026-01-20T02:00,0.6,0.0,3.3,311
Madrid Barajas,2026-01-20T03:00,0.5,0.0,3.3,311
Madrid Barajas,2026-01-20T04:00,-0.5,0.0,2.6,344
Madrid Barajas,2026-01-20T05:00,-1.1,0.0,2.2,351
Madrid Barajas,2026-01-20T06:00,-1.6,0.0,2.4,333
Madrid Barajas,2026-01-20T07:00,-1.8,0.0,2.3,321
Madrid Barajas,2026-01-20T08:00,-2.1,0.0,1.6,333
Madrid Barajas,2026-01-20T09:00,-2.1,0.0,1.5,315
Madrid Barajas,2026-01-20T10:00,-1.4,0.0,0.8,27
Madrid Barajas,2026-01-20T11:00,1.5,0.0,2.9,97
Madrid Barajas,2026-01-20T12:00,3.9,0.0,2.2,180
Madrid Barajas,2026-01-20T13:00,7.2,0.0,3.1,201
Madrid Barajas,2026-01-20T14:00,8.9,0.0,4.3,204
Madrid Barajas,2026-01-20T15:00,9.8,0.0,4.4,215
Madrid Barajas,2026-01-20T16:00,10.7,0.0,5.9,223
Madrid Barajas,2026-01-20T17:00,10.7,0.0,5.4,233
Madrid Barajas,2026-01-20T18:00,9.8,0.0,3.8,163
Madrid Barajas,2026-01-20T19:00,7.5,0.0,5.0,159
Madrid Barajas,2026-01-20T20:00,6.0,0.0,4.3,156
Madrid Barajas,2026-01-20T21:00,4.9,0.0,3.2,180
Madrid Barajas,2026-01-20T22:00,4.4,0.0,2.3,219
Madrid Barajas,2026-01-20T23:00,3.8,0.0,2.6,214
Madrid Barajas,2026-01-21T00:00,2.9,0.0,3.6,174
Madrid Barajas,2026-01-21T01:00,1.7,0.0,3.5,156
Madrid Barajas,2026-01-21T02:00,1.2,0.0,3.6,174
Madrid Barajas,2026-01-21T03:00,0.9,0.0,3.3,167
Madrid Barajas,2026-01-21T04:00,0.8,0.0,2.9,173
Madrid Barajas,2026-01-21T05:00,0.7,0.0,2.7,157
Madrid Barajas,2026-01-21T06:00,0.6,0.0,2.9,150
Madrid Barajas,2026-01-21T07:00,1.4,0.0,3.1,159
Madrid Barajas,2026-01-21T08:00,2.4,0.0,2.9,173
Madrid Barajas,2026-01-21T09:00,3.3,0.0,4.3,204
Madrid Barajas,2026-01-21T10:00,4.0,0.1,4.7,180
Madrid Barajas,2026-01-21T11:00,5.0,0.1,10.1,178
Madrid Barajas,2026-01-21T12:00,5.8,0.1,14.4,180
Madrid Barajas,2026-01-21T13:00,6.1,2.5,12.6,185
Madrid Barajas,2026-01-21T14:00,6.6,1.1,13.3,178
Madrid Barajas,2026-01-21T15:00,7.4,0.2,13.5,189
Madrid Barajas,2026-01-21T16:00,7.4,0.1,9.6,193
Madrid Barajas,2026-01-21T17:00,7.3,0.2,9.7,178
Madrid Barajas,2026-01-21T18:00,7.2,0.0,9.0,180
Madrid Barajas,2026-01-21T19:00,6.9,0.0,6.5,161
Madrid Barajas,2026-01-21T20:00,7.1,0.4,5.4,180
Madrid Barajas,2026-01-21T21:00,7.2,1.2,5.9,284
Madrid Barajas,2026-01-21T22:00,6.9,3.3,5.9,232
Madrid Barajas,2026-01-21T23:00,6.7,0.0,9.1,236
Madrid Barajas,2026-01-22T00:00,6.6,0.1,9.0,241
Madrid Barajas,2026-01-22T01:00,6.6,0.0,10.2,238
Madrid Barajas,2026-01-22T02:00,6.2,0.0,10.9,253
Madrid Barajas,2026-01-22T03:00,5.9,0.0,10.9,253
Madrid Barajas,2026-01-22T04:00,5.4,0.0,11.0,251
Madrid Barajas,2026-01-22T05:00,5.0,0.0,9.7,243
Madrid Barajas,2026-01-22T06:00,4.8,0.0,10.1,243
Madrid Barajas,2026-01-22T07:00,4.7,0.0,8.2,232
Madrid Barajas,2026-01-22T08:00,4.3,0.0,7.7,229
Madrid Barajas,2026-01-22T09:00,3.9,0.0,7.0,215
Madrid Barajas,2026-01-22T10:00,5.1,0.0,7.9,227
Madrid Barajas,2026-01-22T11:00,6.7,0.0,8.8,235
Madrid Barajas,2026-01-22T12:00,8.7,0.0,11.4,252
Madrid Barajas,2026-01-22T13:00,9.6,0.0,14.9,262
Madrid Barajas,2026-01-22T14:00,10.0,0.0,15.0,260
Madrid Barajas,2026-01-22T15:00,10.0,0.0,17.1,252
Madrid Barajas,2026-01-22T16:00,9.1,0.0,14.5,226
Madrid Barajas,2026-01-22T17:00,8.4,0.0,15.3,223
Madrid Barajas,2026-01-22T18:00,7.5,0.0,15.5,226
Madrid Barajas,2026-01-22T19:00,6.8,0.0,16.8,228
Madrid Barajas,2026-01-22T20:00,6.3,0.4,14.3,219
Madrid Barajas,2026-01-22T21:00,5.6,0.7,15.0,226
Madrid Barajas,2026-01-22T22:00,5.4,0.8,9.7,195
Madrid Barajas,2026-01-22T23:00,5.3,0.5,9.7,178
Madrid Barajas,2026-01-23T00:00,5.4,0.0,8.3,175
Madrid Barajas,2026-01-23T01:00,5.3,0.3,7.2,162
Madrid Barajas,2026-01-23T02:00,5.6,0.1,4.4,171
Madrid Barajas,2026-01-23T03:00,5.7,0.1,2.9,210
Madrid Barajas,2026-01-23T04:00,5.4,0.0,2.6,286
Madrid Barajas,2026-01-23T05:00,5.4,0.0,2.9,270
Madrid Barajas,2026-01-23T06:00,5.5,0.0,3.4,252
Madrid Barajas,2026-01-23T07:00,4.8,0.0,3.1,216
Madrid Barajas,2026-01-23T08:00,4.3,0.0,5.6,225
Madrid Barajas,2026-01-23T09:00,4.0,0.0,5.5,212
Madrid Barajas,2026-01-23T10:00,4.8,0.0,7.3,200
Madrid Barajas,2026-01-23T11:00,6.5,0.0,9.2,228
Madrid Barajas,2026-01-23T12:00,6.8,0.3,12.0,224
Madrid Barajas,2026-01-23T13:00,7.6,0.3,13.1,217
Madrid Barajas,2026-01-23T14:00,8.1,0.1,15.3,223
Madrid Barajas,2026-01-23T15:00,8.6,0.1,15.3,219
Madrid Barajas,2026-01-23T16:00,8.0,0.1,15.2,216
Madrid Barajas,2026-01-23T17:00,6.7,0.4,16.6,204
Madrid Barajas,2026-01-23T18:00,5.5,0.8,16.8,203
Madrid Barajas,2026-01-23T19:00,4.4,0.7,10.8,210
Madrid Barajas,2026-01-23T20:00,4.4,0.5,10.0,206
Madrid Barajas,2026-01-23T21:00,4.2,0.4,8.8,199
Madrid Barajas,2026-01-23T22:00,3.9,0.5,8.8,199
Madrid Barajas,2026-01-23T23:00,3.5,1.1,11.6,216
Madrid Barajas,2026-01-24T00:00,3.5,0.1,5.4,184
Madrid Barajas,2026-01-24T01:00,2.4,2.5,9.7,225
Madrid Barajas,2026-01-24T02:00,2.8,0.5,11.1,234
Madrid Barajas,2026-01-24T03:00,2.7,0.1,14.0,235
Madrid Barajas,2026-01-24T04:00,2.3,0.0,12.3,238
Madrid Barajas,2026-01-24T05:00,1.9,0.0,11.7,236
Madrid Barajas,2026-01-24T06:00,1.5,0.0,11.0,232
Madrid Barajas,2026-01-24T07:00,1.4,0.0,12.2,225
Madrid Barajas,2026-01-24T08:00,1.3,0.0,12.5,229
Madrid Barajas,2026-01-24T09:00,1.2,0.0,13.1,233
Madrid Barajas,2026-01-24T10:00,1.8,0.0,12.8,238
Madrid Barajas,2026-01-24T11:00,3.0,0.0,13.0,246
Madrid Barajas,2026-01-24T12:00,4.4,0.0,13.2,248
Madrid Barajas,2026-01-24T13:00,5.0,0.0,16.4,255
Madrid Barajas,2026-01-24T14:00,7.1,0.1,14.9,278
Madrid Barajas,2026-01-24T15:00,7.6,0.0,15.9,273
Madrid Barajas,2026-01-24T16:00,7.3,0.0,16.0,261
Madrid Barajas,2026-01-24T17:00,7.1,0.0,18.0,269
Madrid Barajas,2026-01-24T18:00,6.7,0.0,16.3,262
Madrid Barajas,2026-01-24T19:00,6.0,0.0,13.4,250
Madrid Barajas,2026-01-24T20:00,5.2,0.0,12.2,236
Madrid Barajas,2026-01-24T21:00,4.7,0.0,10.9,236
Madrid Barajas,2026-01-24T22:00,4.6,0.0,9.5,233
Madrid Barajas,2026-01-24T23:00,4.2,0.0,8.9,223
Madrid Barajas,2026-01-25T00:00,3.8,0.0,11.5,224
Madrid Barajas,2026-01-25T01:00,4.3,0.0,12.4,234
Madrid Barajas,2026-01-25T02:00,4.3,0.0,12.1,240
Madrid Barajas,2026-01-25T03:00,4.3,0.0,10.6,235
Madrid Barajas,2026-01-25T04:00,3.5,0.0,8.3,214
Madrid Barajas,2026-01-25T05:00,3.5,0.0,9.7,211
Madrid Barajas,2026-01-25T06:00,3.5,0.3,9.9,213
Madrid Barajas,2026-01-25T07:00,3.7,0.1,8.7,218
Madrid Barajas,2026-01-25T08:00,4.0,0.1,10.5,229
Madrid Barajas,2026-01-25T09:00,4.4,0.0,11.5,226
Madrid Barajas,2026-01-25T10:00,5.6,0.0,12.7,227
Madrid Barajas,2026-01-25T11:00,6.9,0.0,16.1,236
Madrid Barajas,2026-01-25T12:00,8.4,0.0,17.0,238
Madrid Barajas,2026-01-25T13:00,10.0,0.0,20.6,245
Madrid Barajas,2026-01-25T14:00,10.9,0.0,20.1,246
Madrid Barajas,2026-01-25T15:00,11.5,0.0,18.7,259
Madrid Barajas,2026-01-25T16:00,11.7,0.0,14.1,267
Madrid Barajas,2026-01-25T17:00,11.4,0.0,20.0,278
Madrid Barajas,2026-01-25T18:00,10.6,0.0,18.8,282
Madrid Barajas,2026-01-25T19:00,9.5,0.0,17.3,282
Madrid Barajas,2026-01-25T20:00,8.7,0.0,16.1,280
Madrid Barajas,2026-01-25T21:00,8.0,0.0,13.8,276
Madrid Barajas,2026-01-25T22:00,7.3,0.0,10.8,249
Madrid Barajas,2026-01-25T23:00,6.9,0.0,12.6,246
Madrid Barajas,2026-01-26T00:00,6.7,0.0,13.4,246
Madrid Barajas,2026-01-26T01:00,6.8,0.0,12.9,234
Madrid Barajas,2026-01-26T02:00,6.3,0.0,11.2,225
Madrid Barajas,2026-01-26T03:00,5.8,0.0,10.4,224
Madrid Barajas,2026-01-26T04:00,5.9,0.0,8.4,220
Madrid Barajas,2026-01-26T05:00,5.4,0.0,7.4,219
Madrid Barajas,2026-01-26T06:00,5.2,0.0,6.6,225
Madrid Barajas,2026-01-26T07:00,5.4,0.0,5.1,219
Madrid Barajas,2026-01-26T08:00,5.2,0.0,4.6,225
Madrid Barajas,2026-01-26T09:00,5.2,0.0,4.3,222
Madrid Barajas,2026-01-26T10:00,6.1,0.0,5.4,217
Madrid Barajas,2026-01-26T11:00,6.8,0.2,4.8,222
Madrid Barajas,2026-01-26T12:00,7.6,0.7,4.8,228
Madrid Barajas,2026-01-26T13:00,7.7,0.6,4.7,238
Madrid Barajas,2026-01-26T14:00,8.3,0.4,4.2,211
Madrid Barajas,2026-01-26T15:00,8.6,0.0,3.6,217
Madrid Barajas,2026-01-26T16:00,9.1,0.0,3.2,180
Madrid Barajas,2026-01-26T17:00,9.7,0.0,5.6,195
Madrid Barajas,2026-01-26T18:00,9.8,0.0,6.4,196
Madrid Barajas,2026-01-26T19:00,9.9,0.0,5.8,202
Madrid Barajas,2026-01-26T20:00,10.1,0.0,7.6,205
Madrid Barajas,2026-01-26T21:00,10.9,0.0,14.0,224
Madrid Barajas,2026-01-26T22:00,11.2,0.0,15.8,221
Madrid Barajas,2026-01-26T23:00,11.2,0.1,16.6,221
Madrid Barajas,2026-01-27T00:00,11.0,0.2,15.1,213
Madrid Barajas,2026-01-27T01:00,11.3,0.2,16.5,216
Madrid Barajas,2026-01-27T02:00,10.8,0.0,18.5,213
Madrid Barajas,2026-01-27T03:00,10.5,0.1,17.1,205
Madrid Barajas,2026-01-27T04:00,10.3,0.0,16.3,198
Madrid Barajas,2026-01-27T05:00,9.9,0.1,15.4,196
Madrid Barajas,2026-01-27T06:00,9.4,0.9,14.9,200
Madrid Barajas,2026-01-27T07:00,9.2,1.8,14.9,172
Madrid Barajas,2026-01-27T08:00,8.9,1.8,14.5,173
Madrid Barajas,2026-01-27T09:00,9.1,1.6,15.4,191
Madrid Barajas,2026-01-27T10:00,9.5,1.8,17.6,203
Madrid Barajas,2026-01-27T11:00,9.8,0.2,15.3,214
Madrid Barajas,2026-01-27T12:00,10.1,0.0,17.9,218
Madrid Barajas,2026-01-27T13:00,10.1,0.1,16.1,228
Madrid Barajas,2026-01-27T14:00,10.1,0.2,17.2,233
Madrid Barajas,2026-01-27T15:00,9.4,0.2,17.1,228
Madrid Barajas,2026-01-27T16:00,9.2,0.0,17.9,236
Madrid Barajas,2026-01-27T17:00,9.0,0.1,16.5,247
Madrid Barajas,2026-01-27T18:00,8.1,0.3,14.3,245
Madrid Barajas,2026-01-27T19:00,6.7,0.8,13.0,256
Madrid Barajas,2026-01-27T20:00,6.3,0.1,11.5,238
Madrid Barajas,2026-01-27T21:00,5.8,0.0,11.4,235
Madrid Barajas,2026-01-27T22:00,5.1,0.0,11.2,230
Madrid Barajas,2026-01-27T23:00,5.0,0.0,12.9,234
Madrid Barajas,2026-01-28T00:00,4.9,0.0,11.3,239
Madrid Barajas,2026-01-28T01:00,4.9,0.0,11.3,243
Madrid Barajas,2026-01-28T02:00,4.7,0.0,10.3,234
Madrid Barajas,2026-01-28T03:00,4.5,0.0,11.0,232
Madrid Barajas,2026-01-28T04:00,4.4,0.0,7.4,209
Madrid Barajas,2026-01-28T05:00,4.4,0.0,6.5,186
Madrid Barajas,2026-01-28T06:00,4.2,0.4,7.9,156
Madrid Barajas,2026-01-28T07:00,4.1,0.8,9.7,138
Madrid Barajas,2026-01-28T08:00,3.5,2.7,13.9,143
Madrid Barajas,2026-01-28T09:00,0.4,4.9,4.7,113
Madrid Barajas,2026-01-28T10:00,0.4,1.4,9.8,8
Madrid Barajas,2026-01-28T11:00,0.6,2.3,9.7,345
Madrid Barajas,2026-01-28T12:00,1.8,1.2,8.2,299
Madrid Barajas,2026-01-28T13:00,3.2,0.3,7.9,231
Madrid Barajas,2026-01-28T14:00,6.0,0.0,12.3,238
Madrid Barajas,2026-01-28T15:00,9.3,0.0,19.5,286
Madrid Barajas,2026-01-28T16:00,9.4,0.0,16.0,279
Madrid Barajas,2026-01-28T17:00,9.3,0.0,14.2,279
Madrid Barajas,2026-01-28T18:00,9.0,0.0,11.2,268
Madrid Barajas,2026-01-28T19:00,8.6,0.0,8.8,258
Madrid Barajas,2026-01-28T20:00,8.0,0.0,5.3,242
Madrid Barajas,2026-01-28T21:00,7.4,0.0,3.6,225
Madrid Barajas,2026-01-28T22:00,7.0,0.0,4.3,204
Madrid Barajas,2026-01-28T23:00,6.9,0.0,6.0,205
Madrid Barajas,2026-01-29T00:00,7.1,0.4,5.5,212
Madrid Barajas,2026-01-29T01:00,7.2,0.5,5.2,192
Madrid Barajas,2026-01-29T02:00,7.0,1.4,4.7,171
Madrid Barajas,2026-01-29T03:00,7.0,0.7,4.7,176
Madrid Barajas,2026-01-29T04:00,6.7,0.3,5.4,188
Madrid Barajas,2026-01-29T05:00,6.8,0.1,6.2,201
Madrid Barajas,2026-01-29T06:00,7.1,0.1,7.2,198
Madrid Barajas,2026-01-29T07:00,7.4,0.0,7.9,210
Madrid Barajas,2026-01-29T08:00,7.8,0.1,7.6,211
Madrid Barajas,2026-01-29T09:00,8.4,0.0,7.9,204
Madrid Barajas,2026-01-29T10:00,9.3,0.0,7.7,217
Madrid Barajas,2026-01-29T11:00,9.7,0.2,6.0,205
Madrid Barajas,2026-01-29T12:00,10.4,0.2,4.6,198
Madrid Barajas,2026-01-29T13:00,10.9,0.6,2.3,219
Madrid Barajas,2026-01-29T14:00,11.2,0.6,2.8,230
Madrid Barajas,2026-01-29T15:00,11.7,0.2,2.6,214
Madrid Barajas,2026-01-29T16:00,12.2,0.0,3.6,225
Madrid Barajas,2026-01-29T17:00,12.4,0.0,5.2,196
Madrid Barajas,2026-01-29T18:00,12.1,0.0,6.3,211
Madrid Barajas,2026-01-29T19:00,11.4,0.0,7.9,227
Madrid Barajas,2026-01-29T20:00,11.3,0.0,11.1,241
Madrid Barajas,2026-01-29T21:00,10.7,0.0,11.4,252
Madrid Barajas,2026-01-29T22:00,10.5,0.0,12.1,260
Madrid Barajas,2026-01-29T23:00,9.9,0.0,14.3,260
Madrid Barajas,2026-01-30T00:00,9.2,0.0,12.9,257
Madrid Barajas,2026-01-30T01:00,8.7,0.0,10.9,243
Madrid Barajas,2026-01-30T02:00,8.0,0.0,8.9,223
Madrid Barajas,2026-01-30T03:00,7.3,0.0,9.0,209
Madrid Barajas,2026-01-30T04:00,7.0,0.0,9.6,214
Madrid Barajas,2026-01-30T05:00,6.9,0.0,10.3,209
Madrid Barajas,2026-01-30T06:00,6.7,0.0,10.2,219
Madrid Barajas,2026-01-30T07:00,6.5,0.0,10.3,216
Madrid Barajas,2026-01-30T08:00,6.5,0.0,10.7,228
Madrid Barajas,2026-01-30T09:00,6.5,0.0,10.2,228
Madrid Barajas,2026-01-30T10:00,7.2,0.0,11.2,230
Madrid Barajas,2026-01-30T11:00,8.0,0.0,12.7,225
Madrid Barajas,2026-01-30T12:00,8.6,0.0,16.6,228
Madrid Barajas,2026-01-30T13:00,9.4,0.0,16.9,220
Madrid Barajas,2026-01-30T14:00,9.9,0.0,15.5,222
Madrid Barajas,2026-01-30T15:00,10.1,0.0,20.4,228
Madrid Barajas,2026-01-30T16:00,10.0,0.0,17.0,216
Madrid Barajas,2026-01-30T17:00,9.8,0.0,15.1,205
Madrid Barajas,2026-01-30T18:00,9.3,1.4,11.9,215
Madrid Barajas,2026-01-30T19:00,8.6,0.7,9.4,230
Madrid Barajas,2026-01-30T20:00,8.8,0.9,12.2,242
Madrid Barajas,2026-01-30T21:00,8.4,0.0,11.6,248
Madrid Barajas,2026-01-30T22:00,8.0,0.0,14.4,248
Madrid Barajas,2026-01-30T23:00,7.4,0.4,18.1,253
Madrid Barajas,2026-01-31T00:00,6.8,0.0,18.9,283
Madrid Barajas,2026-01-31T01:00,6.2,0.0,19.8,286
Madrid Barajas,2026-01-31T02:00,6.0,0.0,16.2,274
Madrid Barajas,2026-01-31T03:00,5.7,0.0,14.6,260
Madrid Barajas,2026-01-31T04:00,5.4,0.0,12.1,260
Madrid Barajas,2026-01-31T05:00,5.4,0.0,10.8,255
Madrid Barajas,2026-01-31T06:00,6.0,0.0,11.2,285
Madrid Barajas,2026-01-31T07:00,5.8,0.0,13.7,288
Madrid Barajas,2026-01-31T08:00,5.4,0.0,9.7,272
Madrid Barajas,2026-01-31T09:00,5.1,0.0,9.0,254
Madrid Barajas,2026-01-31T10:00,6.4,0.0,9.8,253
Madrid Barajas,2026-01-31T11:00,8.4,0.0,14.1,276
Madrid Barajas,2026-01-31T12:00,9.6,0.0,16.4,279
Madrid Barajas,2026-01-31T13:00,10.8,0.0,17.2,281
Madrid Barajas,2026-01-31T14:00,11.4,0.0,17.9,280
Madrid Barajas,2026-01-31T15:00,11.7,0.0,18.1,277
Madrid Barajas,2026-01-31T16:00,11.7,0.0,17.9,279
Madrid Barajas,2026-01-31T17:00,11.2,0.0,17.1,277
Madrid Barajas,2026-01-31T18:00,10.2,0.0,15.9,273
Madrid Barajas,2026-01-31T19:00,9.2,0.0,13.0,268
Madrid Barajas,2026-01-31T20:00,8.3,0.0,9.6,257
Madrid Barajas,2026-01-31T21:00,7.6,0.0,7.1,246
Madrid Barajas,2026-01-31T22:00,7.0,0.0,6.7,234
Madrid Barajas,2026-01-31T23:00,6.5,0.0,6.4,232
Madrid Barajas,2026-02-01T00:00,5.9,0.0,5.6,225
Madrid Barajas,2026-02-01T01:00,5.6,0.0,4.7,212
Madrid Barajas,2026-02-01T02:00,5.2,0.0,3.8,197
Madrid Barajas,2026-02-01T03:00,4.9,0.0,3.6,174
Madrid Barajas,2026-02-01T04:00,4.8,0.0,3.4,162
Madrid Barajas,2026-02-01T05:00,4.8,0.0,3.2,180
Madrid Barajas,2026-02-01T06:00,5.1,0.0,4.2,200
Madrid Barajas,2026-02-01T07:00,5.5,0.0,6.9,231
Madrid Barajas,2026-02-01T08:00,5.7,0.0,5.4,228
Madrid Barajas,2026-02-01T09:00,5.9,0.1,2.3,219
Madrid Barajas,2026-02-01T10:00,6.2,1.1,3.1,159
Madrid Barajas,2026-02-01T11:00,6.5,0.0,1.8,143
Madrid Barajas,2026-02-01T12:00,6.8,0.2,4.9,144
Madrid Barajas,2026-02-01T13:00,7.0,0.2,4.0,175
Madrid Barajas,2026-02-01T14:00,7.4,0.3,2.9,180
Madrid Barajas,2026-02-01T15:00,7.9,0.0,4.7,176
Madrid Barajas,2026-02-01T16:00,8.8,0.0,3.3,193
Madrid Barajas,2026-02-01T17:00,9.2,0.0,2.9,187
Madrid Barajas,2026-02-01T18:00,9.3,0.0,1.6,117
Madrid Barajas,2026-02-01T19:00,8.7,0.0,3.3,84
Madrid Barajas,2026-02-01T20:00,8.6,0.0,2.2,81
Madrid Barajas,2026-02-01T21:00,8.4,0.0,3.3,77
Madrid Barajas,2026-02-01T22:00,8.5,0.2,2.9,353
Madrid Barajas,2026-02-01T23:00,8.3,1.9,3.5,24
Madrid Barajas,2026-02-02T00:00,8.2,3.2,2.8,40
Madrid Barajas,2026-02-02T01:00,7.8,2.2,3.5,24
Madrid Barajas,2026-02-02T02:00,8.9,0.4,4.7,189
Madrid Barajas,2026-02-02T03:00,9.7,0.2,5.8,202
Madrid Barajas,2026-02-02T04:00,10.2,0.1,11.2,176
Madrid Barajas,2026-02-02T05:00,10.1,0.0,13.4,175
Madrid Barajas,2026-02-02T06:00,9.8,0.2,14.4,158
Madrid Barajas,2026-02-02T07:00,9.6,0.3,16.4,165
Madrid Barajas,2026-02-02T08:00,9.5,0.0,16.8,170
Madrid Barajas,2026-02-02T09:00,9.2,1.4,17.8,172
Madrid Barajas,2026-02-02T10:00,9.0,1.0,16.6,181
Madrid Barajas,2026-02-02T11:00,9.1,1.5,17.2,190
Madrid Barajas,2026-02-02T12:00,9.0,0.8,21.4,221
Madrid Barajas,2026-02-02T13:00,8.1,0.0,20.6,227
Madrid Barajas,2026-02-02T14:00,8.8,0.0,21.1,224
Madrid Barajas,2026-02-02T15:00,9.2,0.0,23.7,229
Madrid Barajas,2026-02-02T16:00,8.9,0.0,20.7,229
Madrid Barajas,2026-02-02T17:00,8.1,0.0,20.9,229
Madrid Barajas,2026-02-02T18:00,7.4,0.0,18.1,229
Madrid Barajas,2026-02-02T19:00,6.6,0.0,16.9,230
Madrid Barajas,2026-02-02T20:00,6.3,0.0,15.5,228
Madrid Barajas,2026-02-02T21:00,6.3,0.0,14.5,226
Madrid Barajas,2026-02-02T22:00,6.3,0.0,14.3,227
Madrid Barajas,2026-02-02T23:00,6.2,0.0,14.3,219
Madrid Barajas,2026-02-03T00:00,6.1,0.1,14.0,222
Madrid Barajas,2026-02-03T01:00,6.1,0.0,15.1,220
Madrid Barajas,2026-02-03T02:00,5.9,0.0,15.8,221
Madrid Barajas,2026-02-03T03:00,5.7,0.0,14.0,222
Madrid Barajas,2026-02-03T04:00,5.4,0.0,9.8,208
Madrid Barajas,2026-02-03T05:00,5.3,0.1,8.8,192
Madrid Barajas,2026-02-03T06:00,5.0,0.0,8.7,185
Madrid Barajas,2026-02-03T07:00,4.8,0.0,8.0,172
Madrid Barajas,2026-02-03T08:00,4.7,0.1,9.4,173
Madrid Barajas,2026-02-03T09:00,4.6,0.0,7.9,183
Madrid Barajas,2026-02-03T10:00,5.0,0.1,8.7,187
Madrid Barajas,2026-02-03T11:00,5.8,0.0,10.6,208
Madrid Barajas,2026-02-03T12:00,6.7,0.2,14.0,224
Madrid Barajas,2026-02-03T13:00,7.4,0.1,13.2,225
Madrid Barajas,2026-02-03T14:00,8.5,0.0,14.3,231
Madrid Barajas,2026-02-03T15:00,8.7,0.1,14.3,229
Madrid Barajas,2026-02-03T16:00,8.6,0.1,14.1,230
Madrid Barajas,2026-02-03T17:00,7.9,0.2,13.8,231
Madrid Barajas,2026-02-03T18:00,7.3,0.0,13.6,233
Madrid Barajas,2026-02-03T19:00,6.5,0.0,11.8,220
Madrid Barajas,2026-02-03T20:00,6.1,0.0,10.3,209
Madrid Barajas,2026-02-03T21:00,5.8,0.0,10.0,210
Madrid Barajas,2026-02-03T22:00,5.8,0.0,10.6,208
Madrid Barajas,2026-02-03T23:00,5.8,0.0,10.9,197
Madrid Barajas,2026-02-04T00:00,5.6,0.8,11.5,178
Madrid Barajas,2026-02-04T01:00,5.2,1.8,14.1,199
Madrid Barajas,2026-02-04T02:00,4.4,1.6,10.4,180
Madrid Barajas,2026-02-04T03:00,4.6,1.1,10.4,180
Madrid Barajas,2026-02-04T04:00,4.5,0.7,7.5,197
Madrid Barajas,2026-02-04T05:00,4.4,1.4,8.2,195
Madrid Barajas,2026-02-04T06:00,4.3,0.1,8.0,185
Madrid Barajas,2026-02-04T07:00,4.4,0.2,6.6,202
Madrid Barajas,2026-02-04T08:00,4.2,0.0,6.8,205
Madrid Barajas,2026-02-04T09:00,4.3,0.0,9.1,198
Madrid Barajas,2026-02-04T10:00,4.4,0.1,8.2,209
Madrid Barajas,2026-02-04T11:00,5.2,0.0,11.3,211
Madrid Barajas,2026-02-04T12:00,6.2,0.0,9.5,217
Madrid Barajas,2026-02-04T13:00,7.6,0.1,10.2,228
Madrid Barajas,2026-02-04T14:00,9.2,0.0,12.0,229
Madrid Barajas,2026-02-04T15:00,10.6,0.0,17.2,244
Madrid Barajas,2026-02-04T16:00,10.9,0.0,15.3,231
Madrid Barajas,2026-02-04T17:00,10.7,0.0,16.1,230
Madrid Barajas,2026-02-04T18:00,10.1,0.0,12.5,229
Madrid Barajas,2026-02-04T19:00,9.6,0.0,13.6,230
Madrid Barajas,2026-02-04T20:00,9.3,0.0,12.0,229
Madrid Barajas,2026-02-04T21:00,9.1,0.0,10.2,231
Madrid Barajas,2026-02-04T22:00,8.8,0.2,9.6,214
Madrid Barajas,2026-02-04T23:00,8.7,0.2,8.5,216
Madrid Barajas,2026-02-05T00:00,8.6,0.2,8.7,204
Madrid Barajas,2026-02-05T01:00,8.5,0.1,7.9,204
Madrid Barajas,2026-02-05T02:00,8.4,0.2,6.7,196
Madrid Barajas,2026-02-05T03:00,8.3,1.0,6.2,159
Madrid Barajas,2026-02-05T04:00,8.0,0.7,6.3,156
Madrid Barajas,2026-02-05T05:00,8.1,0.4,6.6,139
Madrid Barajas,2026-02-05T06:00,8.1,1.1,4.6,141
Madrid Barajas,2026-02-05T07:00,7.6,1.7,4.7,99
Madrid Barajas,2026-02-05T08:00,7.7,4.3,1.0,315
Madrid Barajas,2026-02-05T09:00,7.6,6.1,4.0,333
Madrid Barajas,2026-02-05T10:00,8.4,3.5,3.5,246
Madrid Barajas,2026-02-05T11:00,11.9,0.5,22.5,229
Madrid Barajas,2026-02-05T12:00,13.7,0.0,30.3,238
Madrid Barajas,2026-02-05T13:00,14.1,0.0,29.9,239
Madrid Barajas,2026-02-05T14:00,14.2,0.0,31.4,240
Madrid Barajas,2026-02-05T15:00,13.6,0.0,30.1,241
Madrid Barajas,2026-02-05T16:00,13.4,0.0,28.3,243
Madrid Barajas,2026-02-05T17:00,12.8,0.0,25.9,241
Madrid Barajas,2026-02-05T18:00,11.7,0.0,25.5,241
Madrid Barajas,2026-02-05T19:00,10.6,0.0,22.6,239
Madrid Barajas,2026-02-05T20:00,10.2,0.0,19.7,239
Madrid Barajas,2026-02-05T21:00,9.7,0.0,17.6,239
Madrid Barajas,2026-02-05T22:00,9.4,0.0,17.0,238
Madrid Barajas,2026-02-05T23:00,9.1,0.0,17.5,238
Madrid Barajas,2026-02-06T00:00,8.9,0.0,18.7,236
Madrid Barajas,2026-02-06T01:00,8.8,0.0,18.7,236
Madrid Barajas,2026-02-06T02:00,8.6,0.0,18.9,235
Madrid Barajas,2026-02-06T03:00,8.5,0.0,18.4,235
Madrid Barajas,2026-02-06T04:00,8.4,0.0,16.7,237
Madrid Barajas,2026-02-06T05:00,8.2,0.0,15.7,238
Madrid Barajas,2026-02-06T06:00,8.0,0.0,14.7,239
Madrid Barajas,2026-02-06T07:00,7.4,0.0,12.3,230
Madrid Barajas,2026-02-06T08:00,7.2,0.0,10.2,219
Madrid Barajas,2026-02-06T09:00,7.2,0.0,10.2,212
Madrid Barajas,2026-02-06T10:00,7.7,0.0,11.4,215
Madrid Barajas,2026-02-06T11:00,8.5,0.0,12.3,220
Madrid Barajas,2026-02-06T12:00,8.5,0.0,12.1,210
Madrid Barajas,2026-02-06T13:00,8.2,0.3,8.4,200
Madrid Barajas,2026-02-06T14:00,8.5,0.3,10.1,215
Madrid Barajas,2026-02-06T15:00,8.8,0.2,12.5,221
Madrid Barajas,2026-02-06T16:00,9.3,0.0,13.9,233
Madrid Barajas,2026-02-06T17:00,9.0,0.0,14.9,233
Madrid Barajas,2026-02-06T18:00,8.7,0.0,14.6,237
Madrid Barajas,2026-02-06T19:00,7.9,0.1,13.2,235
Madrid Barajas,2026-02-06T20:00,7.3,0.2,12.5,231
Madrid Barajas,2026-02-06T21:00,6.9,0.1,11.1,234
Madrid Barajas,2026-02-06T22:00,6.3,0.0,10.2,228
Madrid Barajas,2026-02-06T23:00,6.0,0.0,10.9,226
Madrid Barajas,2026-02-07T00:00,5.6,0.0,10.7,228
Madrid Barajas,2026-02-07T01:00,5.6,0.0,10.7,230
Madrid Barajas,2026-02-07T02:00,5.4,0.0,10.9,236
Madrid Barajas,2026-02-07T03:00,5.1,0.0,11.8,239
Madrid Barajas,2026-02-07T04:00,5.0,0.0,10.0,229
Madrid Barajas,2026-02-07T05:00,5.0,0.0,10.8,233
Madrid Barajas,2026-02-07T06:00,4.9,0.0,11.7,227
Madrid Barajas,2026-02-07T07:00,4.8,0.0,9.7,228
Madrid Barajas,2026-02-07T08:00,4.9,0.0,10.7,230
Madrid Barajas,2026-02-07T09:00,5.0,0.0,11.8,220
Madrid Barajas,2026-02-07T10:00,5.5,0.0,14.3,225
Madrid Barajas,2026-02-07T11:00,6.3,0.0,13.4,216
Madrid Barajas,2026-02-07T12:00,7.0,0.0,14.2,210
Madrid Barajas,2026-02-07T13:00,7.4,0.1,14.3,198
Madrid Barajas,2026-02-07T14:00,6.9,0.4,11.5,176
Madrid Barajas,2026-02-07T15:00,6.2,1.2,13.7,166
Madrid Barajas,2026-02-07T16:00,5.6,2.4,9.5,151
Madrid Barajas,2026-02-07T17:00,5.4,2.6,8.9,137
Madrid Barajas,2026-02-07T18:00,5.2,1.5,6.6,41
Madrid Barajas,2026-02-07T19:00,4.9,1.0,7.6,360
Madrid Barajas,2026-02-07T20:00,4.6,0.0,6.1,28
Madrid Barajas,2026-02-07T21:00,4.5,0.3,3.3,49
Madrid Barajas,2026-02-07T22:00,4.5,0.6,2.3,108
Madrid Barajas,2026-02-07T23:00,5.8,0.3,8.3,214
Madrid Barajas,2026-02-08T00:00,6.8,0.1,13.8,208
Madrid Barajas,2026-02-08T01:00,7.0,0.1,13.6,202
Madrid Barajas,2026-02-08T02:00,6.7,0.3,13.5,209
Madrid Barajas,2026-02-08T03:00,6.4,0.2,17.0,234
Madrid Barajas,2026-02-08T04:00,6.0,0.1,14.6,230
Madrid Barajas,2026-02-08T05:00,5.7,0.7,14.3,227
Madrid Barajas,2026-02-08T06:00,5.8,0.0,17.1,240
Madrid Barajas,2026-02-08T07:00,5.8,0.0,14.3,252
Madrid Barajas,2026-02-08T08:00,5.1,0.0,10.0,255
Madrid Barajas,2026-02-08T09:00,5.0,0.0,6.6,257
Madrid Barajas,2026-02-08T10:00,6.2,0.0,6.1,267
Madrid Barajas,2026-02-08T11:00,7.7,0.0,8.3,272
Madrid Barajas,2026-02-08T12:00,9.0,0.0,11.2,291
Madrid Barajas,2026-02-08T13:00,10.0,0.0,12.2,294
Madrid Barajas,2026-02-08T14:00,10.5,0.0,13.3,289
Madrid Barajas,2026-02-08T15:00,10.7,0.0,14.5,289
Madrid Barajas,2026-02-08T16:00,10.6,0.0,14.1,289
Madrid Barajas,2026-02-08T17:00,10.4,0.0,12.7,285
Madrid Barajas,2026-02-08T18:00,9.6,0.0,8.3,272
Madrid Barajas,2026-02-08T19:00,8.7,0.0,6.9,264
Madrid Barajas,2026-02-08T20:00,7.4,0.0,5.2,236
Madrid Barajas,2026-02-08T21:00,6.3,0.0,6.9,223
Madrid Barajas,2026-02-08T22:00,5.8,0.0,7.9,227
Madrid Barajas,2026-02-08T23:00,5.7,0.0,8.4,223
Madrid Barajas,2026-02-09T00:00,6.0,0.0,10.7,230
Madrid Barajas,2026-02-09T01:00,6.4,0.5,13.0,226
Madrid Barajas,2026-02-09T02:00,5.9,0.7,8.6,213
Madrid Barajas,2026-02-09T03:00,5.8,2.5,6.6,202
Madrid Barajas,2026-02-09T04:00,5.8,0.0,6.8,180
Madrid Barajas,2026-02-09T05:00,6.0,0.0,5.4,188
Madrid Barajas,2026-02-09T06:00,6.1,0.0,6.4,196
Madrid Barajas,2026-02-09T07:00,6.0,0.0,5.2,205
Madrid Barajas,2026-02-09T08:00,6.0,0.0,5.2,196
Madrid Barajas,2026-02-09T09:00,6.0,0.0,4.1,195
Madrid Barajas,2026-02-09T10:00,6.7,0.0,4.6,219
Madrid Barajas,2026-02-09T11:00,7.7,0.0,4.5,209
Madrid Barajas,2026-02-09T12:00,9.3,0.0,5.8,202
Madrid Barajas,2026-02-09T13:00,11.1,0.0,8.4,205
Madrid Barajas,2026-02-09T14:00,12.3,0.0,12.8,232
Madrid Barajas,2026-02-09T15:00,12.2,0.0,13.8,223
Madrid Barajas,2026-02-09T16:00,12.1,0.1,12.2,227
Madrid Barajas,2026-02-09T17:00,11.6,0.2,10.7,222
Madrid Barajas,2026-02-09T18:00,11.6,0.2,11.0,229
Madrid Barajas,2026-02-09T19:00,11.6,0.5,10.5,221
Madrid Barajas,2026-02-09T20:00,11.5,0.2,9.5,217
Madrid Barajas,2026-02-09T21:00,11.6,0.1,10.2,225
Madrid Barajas,2026-02-09T22:00,11.7,0.0,10.2,228
Madrid Barajas,2026-02-09T23:00,11.6,0.0,10.9,226
Madrid Barajas,2026-02-10T00:00,11.8,0.0,12.0,237
Madrid Barajas,2026-02-10T01:00,11.8,0.0,13.3,229
Madrid Barajas,2026-02-10T02:00,11.8,0.0,13.8,229
Madrid Barajas,2026-02-10T03:00,11.7,0.0,13.5,226
Madrid Barajas,2026-02-10T04:00,11.9,0.0,12.5,226
Madrid Barajas,2026-02-10T05:00,11.9,0.0,11.8,218
Madrid Barajas,2026-02-10T06:00,12.0,0.0,12.2,225
Madrid Barajas,2026-02-10T07:00,12.3,0.0,13.0,222
Madrid Barajas,2026-02-10T08:00,12.1,0.0,13.0,219
Madrid Barajas,2026-02-10T09:00,12.2,0.0,15.3,231
Madrid Barajas,2026-02-10T10:00,12.8,0.0,15.4,233
Madrid Barajas,2026-02-10T11:00,13.6,0.0,18.5,241
Madrid Barajas,2026-02-10T12:00,13.9,0.1,17.2,237
Madrid Barajas,2026-02-10T13:00,13.9,0.2,14.6,230
Madrid Barajas,2026-02-10T14:00,14.9,0.1,17.8,238
Madrid Barajas,2026-02-10T15:00,15.0,0.1,18.6,234
Madrid Barajas,2026-02-10T16:00,15.1,0.0,18.0,233
Madrid Barajas,2026-02-10T17:00,15.0,0.1,19.0,233
Madrid Barajas,2026-02-10T18:00,14.8,0.0,15.8,235
Madrid Barajas,2026-02-10T19:00,14.6,0.0,15.3,240
Madrid Barajas,2026-02-10T20:00,14.3,0.0,15.5,239
Madrid Barajas,2026-02-10T21:00,14.0,0.0,15.3,240
Madrid Barajas,2026-02-10T22:00,13.9,0.0,14.0,241
Madrid Barajas,2026-02-10T23:00,13.5,0.0,12.7,241
Madrid Barajas,2026-02-11T00:00,13.2,0.0,11.5,238
Madrid Barajas,2026-02-11T01:00,12.9,0.0,10.5,232
Madrid Barajas,2026-02-11T02:00,12.4,0.0,10.4,226
Madrid Barajas,2026-02-11T03:00,12.0,0.0,9.9,226
Madrid Barajas,2026-02-11T04:00,11.9,0.0,9.9,226
Madrid Barajas,2026-02-11T05:00,11.6,0.0,11.0,229
Madrid Barajas,2026-02-11T06:00,11.4,0.0,11.0,232
Madrid Barajas,2026-02-11T07:00,11.1,0.0,11.8,230
Madrid Barajas,2026-02-11T08:00,10.8,0.0,10.6,235
Madrid Barajas,2026-02-11T09:00,10.7,0.0,8.2,221
Madrid Barajas,2026-02-11T10:00,11.5,0.0,9.2,219
Madrid Barajas,2026-02-11T11:00,12.3,0.0,10.7,220
Madrid Barajas,2026-02-11T12:00,13.2,0.0,14.5,235
Madrid Barajas,2026-02-11T13:00,14.0,0.0,17.1,228
Madrid Barajas,2026-02-11T14:00,14.0,0.0,16.8,222
Madrid Barajas,2026-02-11T15:00,14.4,0.1,15.6,232
Madrid Barajas,2026-02-11T16:00,15.1,0.5,22.0,238
Madrid Barajas,2026-02-11T17:00,15.0,0.2,24.5,234
Madrid Barajas,2026-02-11T18:00,14.9,0.0,24.9,239
Madrid Barajas,2026-02-11T19:00,14.6,0.1,26.1,235
Madrid Barajas,2026-02-11T20:00,14.3,0.4,24.0,240
Madrid Barajas,2026-02-11T21:00,14.0,2.3,23.0,245
Madrid Barajas,2026-02-11T22:00,13.9,0.0,17.9,245
Madrid Barajas,2026-02-11T23:00,13.3,0.0,15.4,249
Madrid Barajas,2026-02-12T00:00,12.9,0.0,13.0,265
Madrid Barajas,2026-02-12T01:00,11.9,0.0,13.4,262
Madrid Barajas,2026-02-12T02:00,11.2,0.0,14.3,258
Madrid Barajas,2026-02-12T03:00,10.5,0.0,15.0,260
Madrid Barajas,2026-02-12T04:00,9.7,0.0,14.2,261
Madrid Barajas,2026-02-12T05:00,9.3,0.0,13.8,255
Madrid Barajas,2026-02-12T06:00,8.8,0.0,13.5,254
Madrid Barajas,2026-02-12T07:00,8.8,0.0,14.4,257
Madrid Barajas,2026-02-12T08:00,8.3,0.0,13.8,255
Madrid Barajas,2026-02-12T09:00,8.1,0.0,12.6,246
Madrid Barajas,2026-02-12T10:00,9.2,0.0,12.8,248
Madrid Barajas,2026-02-12T11:00,10.4,0.0,15.0,260
Madrid Barajas,2026-02-12T12:00,11.7,0.0,16.6,272
Madrid Barajas,2026-02-12T13:00,13.0,0.0,17.7,275
Madrid Barajas,2026-02-12T14:00,13.7,0.0,15.9,266
Madrid Barajas,2026-02-12T15:00,14.0,0.0,15.3,262
Madrid Barajas,2026-02-12T16:00,14.0,0.0,15.5,245
Madrid Barajas,2026-02-12T17:00,13.0,0.0,17.0,238
Madrid Barajas,2026-02-12T18:00,11.8,0.0,14.5,235
Madrid Barajas,2026-02-12T19:00,11.1,0.0,14.6,237
Madrid Barajas,2026-02-12T20:00,10.5,0.0,12.8,238
Madrid Barajas,2026-02-12T21:00,10.1,0.0,12.5,231
Madrid Barajas,2026-02-12T22:00,10.0,0.1,10.7,222
Madrid Barajas,2026-02-12T23:00,9.5,0.2,7.8,202
Madrid Barajas,2026-02-13T00:00,9.3,0.4,8.6,195
Madrid Barajas,2026-02-13T01:00,9.3,0.0,11.2,174
Madrid Barajas,2026-02-13T02:00,9.1,0.2,10.6,170
Madrid Barajas,2026-02-13T03:00,9.0,0.2,9.5,171
Madrid Barajas,2026-02-13T04:00,8.8,0.4,8.7,142
Madrid Barajas,2026-02-13T05:00,8.8,2.1,8.1,159
Madrid Barajas,2026-02-13T06:00,8.9,3.3,14.4,177
Madrid Barajas,2026-02-13T07:00,9.5,1.3,15.9,213
Madrid Barajas,2026-02-13T08:00,10.1,1.2,16.5,224
Madrid Barajas,2026-02-13T09:00,9.7,0.9,12.3,232
Madrid Barajas,2026-02-13T10:00,9.5,2.8,17.1,235
Madrid Barajas,2026-02-13T11:00,9.5,0.9,18.7,251
Madrid Barajas,2026-02-13T12:00,10.3,0.1,17.4,252
Madrid Barajas,2026-02-13T13:00,11.0,0.3,19.1,259
Madrid Barajas,2026-02-13T14:00,11.2,0.4,22.7,268
Madrid Barajas,2026-02-13T15:00,11.4,0.2,24.2,274
Madrid Barajas,2026-02-13T16:00,11.8,0.0,23.1,274
Madrid Barajas,2026-02-13T17:00,11.6,0.0,22.0,274
Madrid Barajas,2026-02-13T18:00,10.5,0.2,18.6,280
Madrid Barajas,2026-02-13T19:00,9.2,0.6,18.4,272
Madrid Barajas,2026-02-13T20:00,8.8,0.0,16.3,265
Madrid Barajas,2026-02-13T21:00,8.4,0.0,15.2,266
Madrid Barajas,2026-02-13T22:00,8.0,0.0,13.4,262
Madrid Barajas,2026-02-13T23:00,7.7,0.1,9.7,274
Madrid Barajas,2026-02-14T00:00,7.3,0.0,5.8,270
Madrid Barajas,2026-02-14T01:00,6.8,0.0,5.9,259
Madrid Barajas,2026-02-14T02:00,6.2,0.0,6.5,267
Madrid Barajas,2026-02-14T03:00,5.9,0.0,6.5,276
Madrid Barajas,2026-02-14T04:00,5.4,0.0,5.8,277
Madrid Barajas,2026-02-14T05:00,5.3,0.0,7.2,307
Madrid Barajas,2026-02-14T06:00,5.0,0.0,12.5,319
Madrid Barajas,2026-02-14T07:00,5.0,0.0,15.6,322
Madrid Barajas,2026-02-14T08:00,4.7,0.0,14.6,322
Madrid Barajas,2026-02-14T09:00,5.0,0.0,14.1,322
Madrid Barajas,2026-02-14T10:00,6.4,0.0,13.7,325
Madrid Barajas,2026-02-14T11:00,7.9,0.0,14.7,329
Madrid Barajas,2026-02-14T12:00,8.7,0.0,19.0,333
Madrid Barajas,2026-02-14T13:00,9.5,0.0,21.6,334
Madrid Barajas,2026-02-14T14:00,10.0,0.0,25.5,341
Madrid Barajas,2026-02-14T15:00,10.2,0.0,21.6,342
Madrid Barajas,2026-02-14T16:00,10.6,0.0,17.6,337
Madrid Barajas,2026-02-14T17:00,10.4,0.0,14.7,343
Madrid Barajas,2026-02-14T18:00,9.6,0.0,12.1,350
Madrid Barajas,2026-02-14T19:00,8.6,0.0,7.6,355
Madrid Barajas,2026-02-14T20:00,7.5,0.0,5.8,7
Madrid Barajas,2026-02-14T21:00,6.7,0.0,5.7,18
Madrid Barajas,2026-02-14T22:00,6.0,0.0,1.6,27
Madrid Barajas,2026-02-14T23:00,5.6,0.0,0.5,225
Madrid Barajas,2026-02-15T00:00,5.2,0.0,1.3,146
Madrid Barajas,2026-02-15T01:00,4.7,0.0,0.5,135
Madrid Barajas,2026-02-15T02:00,4.2,0.0,1.3,146
Madrid Barajas,2026-02-15T03:00,4.0,0.0,1.6,153
Madrid Barajas,2026-02-15T04:00,3.6,0.0,1.1,162
Madrid Barajas,2026-02-15T05:00,3.5,0.0,2.4,153
Madrid Barajas,2026-02-15T06:00,3.2,0.0,2.5,172
Madrid Barajas,2026-02-15T07:00,2.8,0.0,1.8,143
Madrid Barajas,2026-02-15T08:00,2.4,0.0,2.6,106
Madrid Barajas,2026-02-15T09:00,2.4,0.0,2.4,117
Madrid Barajas,2026-02-15T10:00,3.7,0.0,1.1,90
Madrid Barajas,2026-02-15T11:00,5.5,0.0,1.8,90
Madrid Barajas,2026-02-15T12:00,7.8,0.0,1.3,124
Madrid Barajas,2026-02-15T13:00,11.4,0.0,4.6,252
Madrid Barajas,2026-02-15T14:00,13.1,0.0,12.0,263
Madrid Barajas,2026-02-15T15:00,13.5,0.0,15.1,267
Madrid Barajas,2026-02-15T16:00,13.4,0.0,15.8,269
Madrid Barajas,2026-02-15T17:00,12.9,0.0,15.5,270
Madrid Barajas,2026-02-15T18:00,11.8,0.0,15.5,267
Madrid Barajas,2026-02-15T19:00,10.8,0.0,14.6,261
Madrid Barajas,2026-02-15T20:00,9.9,0.0,13.0,256
Madrid Barajas,2026-02-15T21:00,9.5,0.0,12.4,253
Madrid Barajas,2026-02-15T22:00,9.3,0.0,10.5,248
Madrid Barajas,2026-02-15T23:00,9.0,0.0,10.3,245
Madrid Barajas,2026-02-16T00:00,8.8,0.0,10.3,245
Madrid Barajas,2026-02-16T01:00,8.7,0.0,9.7,243
Madrid Barajas,2026-02-16T02:00,8.3,0.0,9.2,239
Madrid Barajas,2026-02-16T03:00,8.3,0.0,10.4,236
Madrid Barajas,2026-02-16T04:00,8.3,0.0,10.1,235
Madrid Barajas,2026-02-16T05:00,8.0,0.0,9.5,233
Madrid Barajas,2026-02-16T06:00,8.0,0.0,9.4,238
Madrid Barajas,2026-02-16T07:00,7.9,0.0,9.2,228
Madrid Barajas,2026-02-16T08:00,7.9,0.0,10.4,224
Madrid Barajas,2026-02-16T09:00,8.2,0.0,12.2,227
Madrid Barajas,2026-02-16T10:00,9.1,0.0,12.5,224
Madrid Barajas,2026-02-16T11:00,10.2,0.0,12.0,221
Madrid Barajas,2026-02-16T12:00,11.7,0.0,13.6,233
Madrid Barajas,2026-02-16T13:00,13.1,0.0,14.3,225
Madrid Barajas,2026-02-16T14:00,14.8,0.0,15.1,242
Madrid Barajas,2026-02-16T15:00,16.0,0.0,15.5,267
Madrid Barajas,2026-02-16T16:00,17.0,0.0,19.1,282
Madrid Barajas,2026-02-16T17:00,16.7,0.0,18.6,279
Madrid Barajas,2026-02-16T18:00,15.9,0.0,15.5,273
Madrid Barajas,2026-02-16T19:00,15.1,0.0,16.6,271
Madrid Barajas,2026-02-16T20:00,14.3,0.0,15.3,262
Madrid Barajas,2026-02-16T21:00,13.7,0.0,13.4,256
Madrid Barajas,2026-02-16T22:00,13.3,0.0,13.8,255
Madrid Barajas,2026-02-16T23:00,12.6,0.0,12.6,243
Madrid Barajas,2026-02-17T00:00,12.2,0.0,11.8,243
Madrid Barajas,2026-02-17T01:00,11.7,0.0,11.7,236
Madrid Barajas,2026-02-17T02:00,11.1,0.0,12.6,239
Madrid Barajas,2026-02-17T03:00,10.9,0.0,11.6,240
Madrid Barajas,2026-02-17T04:00,11.3,0.0,9.7,239
Madrid Barajas,2026-02-17T05:00,10.8,0.0,10.0,240
Madrid Barajas,2026-02-17T06:00,10.5,0.0,9.6,236
Madrid Barajas,2026-02-17T07:00,10.5,0.0,8.6,237
Madrid Barajas,2026-02-17T08:00,10.0,0.0,9.5,233
Madrid Barajas,2026-02-17T09:00,10.4,0.0,8.3,236
Madrid Barajas,2026-02-17T10:00,11.7,0.0,11.3,239
Madrid Barajas,2026-02-17T11:00,13.1,0.0,11.5,238
Madrid Barajas,2026-02-17T12:00,14.9,0.0,13.0,256
Madrid Barajas,2026-02-17T13:00,16.1,0.0,11.3,263
Madrid Barajas,2026-02-17T14:00,16.9,0.0,10.5,264
Madrid Barajas,2026-02-17T15:00,17.0,0.0,11.5,250
Madrid Barajas,2026-02-17T16:00,17.1,0.0,11.6,234
Madrid Barajas,2026-02-17T17:00,16.6,0.0,10.9,226
Madrid Barajas,2026-02-17T18:00,15.8,0.0,10.7,225
Madrid Barajas,2026-02-17T19:00,14.0,0.0,10.9,224
Madrid Barajas,2026-02-17T20:00,12.7,0.0,9.7,219
Madrid Barajas,2026-02-17T21:00,11.7,0.0,9.2,219
Madrid Barajas,2026-02-17T22:00,10.8,0.0,6.6,209
Madrid Barajas,2026-02-17T23:00,10.0,0.0,5.8,210
Madrid Barajas,2026-02-18T00:00,9.3,0.0,5.5,203
Madrid Barajas,2026-02-18T01:00,8.9,0.0,4.0,190
Madrid Barajas,2026-02-18T02:00,8.7,0.0,4.4,189
Madrid Barajas,2026-02-18T03:00,8.6,0.0,4.1,195
Madrid Barajas,2026-02-18T04:00,8.9,0.0,5.5,212
Madrid Barajas,2026-02-18T05:00,8.8,0.0,5.8,210
Madrid Barajas,2026-02-18T06:00,8.8,0.0,6.8,198
Madrid Barajas,2026-02-18T07:00,8.6,0.0,7.3,191
Madrid Barajas,2026-02-18T08:00,8.1,0.0,9.1,189
Madrid Barajas,2026-02-18T09:00,8.1,0.0,9.4,203
Madrid Barajas,2026-02-18T10:00,8.7,0.0,11.9,215
Madrid Barajas,2026-02-18T11:00,9.6,0.0,16.9,230
Madrid Barajas,2026-02-18T12:00,10.2,0.0,18.9,228
Madrid Barajas,2026-02-18T13:00,11.0,0.0,19.1,234
Madrid Barajas,2026-02-18T14:00,11.0,0.0,20.2,231
Madrid Barajas,2026-02-18T15:00,11.9,0.0,21.7,227
Madrid Barajas,2026-02-18T16:00,11.9,0.0,18.8,225
Madrid Barajas,2026-02-18T17:00,12.0,0.0,19.4,228
Madrid Barajas,2026-02-18T18:00,11.2,0.0,19.8,233
Madrid Barajas,2026-02-18T19:00,10.6,0.1,20.0,231
Madrid Barajas,2026-02-18T20:00,10.4,0.0,18.9,230
Madrid Barajas,2026-02-18T21:00,10.4,0.0,15.3,231
Madrid Barajas,2026-02-18T22:00,10.0,0.2,10.7,250
Madrid Barajas,2026-02-18T23:00,9.8,0.0,12.6,268
Madrid Barajas,2026-02-19T00:00,8.7,0.0,13.4,290
Madrid Barajas,2026-02-19T01:00,8.1,0.0,12.2,270
Madrid Barajas,2026-02-19T02:00,7.6,0.0,13.4,276
Madrid Barajas,2026-02-19T03:00,7.2,0.0,13.0,272
Madrid Barajas,2026-02-19T04:00,6.8,0.0,12.7,263
Madrid Barajas,2026-02-19T05:00,6.3,0.0,11.9,267
Madrid Barajas,2026-02-19T06:00,6.0,0.0,14.0,270
Madrid Barajas,2026-02-19T07:00,5.4,0.0,12.3,265
Madrid Barajas,2026-02-19T08:00,4.9,0.0,10.7,258
Madrid Barajas,2026-02-19T09:00,4.9,0.0,9.2,249
Madrid Barajas,2026-02-19T10:00,6.6,0.0,11.7,259
Madrid Barajas,2026-02-19T11:00,8.0,0.0,11.9,267
Madrid Barajas,2026-02-19T12:00,9.2,0.0,9.4,270
Madrid Barajas,2026-02-19T13:00,10.3,0.0,8.6,270
Madrid Barajas,2026-02-19T14:00,11.2,0.0,9.5,281
Madrid Barajas,2026-02-19T15:00,11.7,0.0,10.5,292
Madrid Barajas,2026-02-19T16:00,12.1,0.0,12.1,293
Madrid Barajas,2026-02-19T17:00,12.0,0.0,11.4,298
Madrid Barajas,2026-02-19T18:00,11.2,0.0,12.7,295
Madrid Barajas,2026-02-19T19:00,10.0,0.0,6.3,283
Madrid Barajas,2026-02-19T20:00,8.6,0.0,2.9,270
Madrid Barajas,2026-02-19T21:00,7.6,0.0,2.5,225
Madrid Barajas,2026-02-19T22:00,7.0,0.0,2.6,214
Madrid Barajas,2026-02-19T23:00,6.3,0.0,1.1,198
Madrid Barajas,2026-02-20T00:00,5.6,0.0,1.6,27
Madrid Barajas,2026-02-20T01:00,4.6,0.0,2.2,9
Madrid Barajas,2026-02-20T02:00,3.5,0.0,1.9,338
Madrid Barajas,2026-02-20T03:00,2.7,0.0,1.6,333
Madrid Barajas,2026-02-20T04:00,2.0,0.0,1.1,360
Madrid Barajas,2026-02-20T05:00,1.7,0.0,1.5,14
Madrid Barajas,2026-02-20T06:00,1.3,0.0,1.5,14
Madrid Barajas,2026-02-20T07:00,0.6,0.0,1.5,14
Madrid Barajas,2026-02-20T08:00,0.4,0.0,1.4,360
Madrid Barajas,2026-02-20T09:00,0.5,0.0,1.6,333
Madrid Barajas,2026-02-20T10:00,4.2,0.0,1.1,360
Madrid Barajas,2026-02-20T11:00,6.8,0.0,1.9,22
Madrid Barajas,2026-02-20T12:00,9.3,0.0,2.5,45
Madrid Barajas,2026-02-20T13:00,10.9,0.0,1.9,68
Madrid Barajas,2026-02-20T14:00,12.2,0.0,1.1,72
Madrid Barajas,2026-02-20T15:00,13.2,0.0,0.5,45
Madrid Barajas,2026-02-20T16:00,14.5,0.0,0.4,90
Madrid Barajas,2026-02-20T17:00,14.5,0.0,0.8,333
Madrid Barajas,2026-02-20T18:00,14.3,0.0,1.6,27
Madrid Barajas,2026-02-20T19:00,13.1,0.0,1.9,68
Madrid Barajas,2026-02-20T20:00,11.6,0.0,1.8,53
Madrid Barajas,2026-02-20T21:00,10.4,0.0,1.8,11
Madrid Barajas,2026-02-20T22:00,7.9,0.0,1.5,14
Madrid Barajas,2026-02-20T23:00,6.1,0.0,2.5,8
Madrid Barajas,2026-02-21T00:00,4.3,0.0,3.3,354
Madrid Barajas,2026-02-21T01:00,3.3,0.0,3.4,342
Madrid Barajas,2026-02-21T02:00,3.0,0.0,3.2,333
Madrid Barajas,2026-02-21T03:00,2.7,0.0,3.1,339
Madrid Barajas,2026-02-21T04:00,1.9,0.0,3.3,347
Madrid Barajas,2026-02-21T05:00,1.3,0.0,3.4,342
Madrid Barajas,2026-02-21T06:00,1.0,0.0,3.5,336
Madrid Barajas,2026-02-21T07:00,0.6,0.0,3.2,333
Madrid Barajas,2026-02-21T08:00,0.5,0.0,3.2,333
Madrid Barajas,2026-02-21T09:00,0.7,0.0,2.9,330
Madrid Barajas,2026-02-21T10:00,4.9,0.0,2.6,344
Madrid Barajas,2026-02-21T11:00,8.3,0.0,2.2,9
Madrid Barajas,2026-02-21T12:00,11.5,0.0,1.8,53
Madrid Barajas,2026-02-21T13:00,14.2,0.0,0.4,90
Madrid Barajas,2026-02-21T14:00,16.0,0.0,1.8,180
Madrid Barajas,2026-02-21T15:00,17.3,0.0,3.2,180
Madrid Barajas,2026-02-21T16:00,19.0,0.0,5.4,188
Madrid Barajas,2026-02-21T17:00,18.9,0.0,5.5,191
Madrid Barajas,2026-02-21T18:00,18.1,0.0,4.3,185
Madrid Barajas,2026-02-21T19:00,15.7,0.0,3.6,186
Madrid Barajas,2026-02-21T20:00,14.1,0.0,2.4,207
Madrid Barajas,2026-02-21T21:00,12.7,0.0,1.8,259
Madrid Barajas,2026-02-21T22:00,9.4,0.0,3.0,346
Madrid Barajas,2026-02-21T23:00,6.8,0.0,3.9,338
Madrid Barajas,2026-02-22T00:00,3.9,0.0,3.9,338
Madrid Barajas,2026-02-22T01:00,3.7,0.0,3.8,343
Madrid Barajas,2026-02-22T02:00,3.1,0.0,3.4,328
Madrid Barajas,2026-02-22T03:00,3.0,0.0,3.4,328
Madrid Barajas,2026-02-22T04:00,2.2,0.0,3.4,342
Madrid Barajas,2026-02-22T05:00,1.7,0.0,3.2,333
Madrid Barajas,2026-02-22T06:00,1.4,0.0,3.1,339
Madrid Barajas,2026-02-22T07:00,0.9,0.0,3.0,346
Madrid Barajas,2026-02-22T08:00,0.7,0.0,2.7,337
Madrid Barajas,2026-02-22T09:00,1.0,0.0,2.7,337
Madrid Barajas,2026-02-22T10:00,5.2,0.0,2.2,351
Madrid Barajas,2026-02-22T11:00,9.2,0.0,1.8,11
Madrid Barajas,2026-02-22T12:00,12.8,0.0,1.3,56
Madrid Barajas,2026-02-22T13:00,15.5,0.0,1.0,135
Madrid Barajas,2026-02-22T14:00,17.2,0.0,2.5,180
Madrid Barajas,2026-02-22T15:00,18.5,0.0,3.3,193
Madrid Barajas,2026-02-22T16:00,19.9,0.0,4.0,190
Madrid Barajas,2026-02-22T17:00,19.8,0.0,3.8,197
Madrid Barajas,2026-02-22T18:00,19.1,0.0,3.0,166
Madrid Barajas,2026-02-22T19:00,16.6,0.0,2.9,150
Madrid Barajas,2026-02-22T20:00,14.9,0.0,2.1,149
Madrid Barajas,2026-02-22T21:00,13.4,0.0,0.4,270
Madrid Barajas,2026-02-22T22:00,10.4,0.0,3.3,354
Madrid Barajas,2026-02-22T23:00,7.3,0.0,4.1,345
Madrid Barajas,2026-02-23T00:00,4.5,0.0,3.9,338
Madrid Barajas,2026-02-23T01:00,5.1,0.0,3.7,331
Madrid Barajas,2026-02-23T02:00,4.7,0.0,3.6,323
Madrid Barajas,2026-02-23T03:00,4.5,0.0,3.4,328
Madrid Barajas,2026-02-23T04:00,3.9,0.0,3.4,342
Madrid Barajas,2026-02-23T05:00,3.2,0.0,3.1,339
Madrid Barajas,2026-02-23T06:00,2.6,0.0,3.2,333
Madrid Barajas,2026-02-23T07:00,1.9,0.0,3.1,339
Madrid Barajas,2026-02-23T08:00,1.3,0.0,2.7,337
Madrid Barajas,2026-02-23T09:00,1.6,0.0,2.7,337
Madrid Barajas,2026-02-23T10:00,6.0,0.0,1.9,338
Madrid Barajas,2026-02-23T11:00,10.1,0.0,1.5,14
Madrid Barajas,2026-02-23T12:00,13.8,0.0,1.0,45
Madrid Barajas,2026-02-23T13:00,16.5,0.0,1.0,135
Madrid Barajas,2026-02-23T14:00,18.5,0.0,2.5,172
Madrid Barajas,2026-02-23T15:00,19.9,0.0,4.4,171
Madrid Barajas,2026-02-23T16:00,21.7,0.0,6.5,186
Madrid Barajas,2026-02-23T17:00,21.5,0.0,6.9,189
Madrid Barajas,2026-02-23T18:00,20.7,0.0,5.1,184
Madrid Barajas,2026-02-23T19:00,18.1,0.0,3.6,180
Madrid Barajas,2026-02-23T20:00,16.1,0.0,2.6,196
Madrid Barajas,2026-02-23T21:00,14.7,0.0,1.8,259
Madrid Barajas,2026-02-23T22:00,12.7,0.0,3.0,346
Madrid Barajas,2026-02-23T23:00,9.1,0.0,3.4,342
Madrid Barajas,2026-02-24T00:00,6.6,0.0,3.8,343
Madrid Barajas,2026-02-24T01:00,6.6,0.0,3.7,349
Madrid Barajas,2026-02-24T02:00,6.1,0.0,3.7,331
Madrid Barajas,2026-02-24T03:00,5.7,0.0,3.7,331
Madrid Barajas,2026-02-24T04:00,5.1,0.0,3.3,354
Madrid Barajas,2026-02-24T05:00,4.5,0.0,3.0,346
Madrid Barajas,2026-02-24T06:00,3.9,0.0,3.1,339
Madrid Barajas,2026-02-24T07:00,3.4,0.0,3.3,354
Madrid Barajas,2026-02-24T08:00,3.0,0.0,2.9,353
Madrid Barajas,2026-02-24T09:00,3.4,0.0,2.6,344
Madrid Barajas,2026-02-24T10:00,7.0,0.0,2.9,360
Madrid Barajas,2026-02-24T11:00,11.1,0.0,1.8,11
Madrid Barajas,2026-02-24T12:00,14.6,0.0,1.5,76
Madrid Barajas,2026-02-24T13:00,16.7,0.0,2.9,150
Madrid Barajas,2026-02-24T14:00,18.5,0.0,5.4,172
Madrid Barajas,2026-02-24T15:00,19.8,0.0,7.9,180
Madrid Barajas,2026-02-24T16:00,20.7,0.0,8.4,190
Madrid Barajas,2026-02-24T17:00,20.6,0.0,8.6,202
Madrid Barajas,2026-02-24T18:00,20.2,0.0,6.6,209
Madrid Barajas,2026-02-24T19:00,17.8,0.0,3.8,197
Madrid Barajas,2026-02-24T20:00,15.8,0.0,2.2,189
Madrid Barajas,2026-02-24T21:00,14.7,0.0,1.1,270
Madrid Barajas,2026-02-24T22:00,12.8,0.0,3.4,342
Madrid Barajas,2026-02-24T23:00,8.6,0.0,3.7,349
Madrid Barajas,2026-02-25T00:00,6.8,0.0,3.7,349
Madrid Barajas,2026-02-25T01:00,7.0,0.0,3.3,347
Madrid Barajas,2026-02-25T02:00,6.4,0.0,3.5,336
Madrid Barajas,2026-02-25T03:00,5.9,0.0,3.4,342
Madrid Barajas,2026-02-25T04:00,5.4,0.0,3.3,354
Madrid Barajas,2026-02-25T05:00,5.0,0.0,3.0,346
Madrid Barajas,2026-02-25T06:00,4.4,0.0,3.3,347
Madrid Barajas,2026-02-25T07:00,4.1,0.0,3.3,354
Madrid Barajas,2026-02-25T08:00,3.7,0.0,3.0,346
Madrid Barajas,2026-02-25T09:00,4.2,0.0,3.0,346
Madrid Barajas,2026-02-25T10:00,7.6,0.0,2.9,360
Madrid Barajas,2026-02-25T11:00,11.4,0.0,3.1,21
Madrid Barajas,2026-02-25T12:00,14.8,0.0,3.3,41
Madrid Barajas,2026-02-25T13:00,17.1,0.0,2.6,74
Madrid Barajas,2026-02-25T14:00,18.6,0.0,3.4,122
Madrid Barajas,2026-02-25T15:00,19.6,0.0,4.8,132
Madrid Barajas,2026-02-25T16:00,20.6,0.0,3.8,139
Madrid Barajas,2026-02-25T17:00,20.4,0.0,4.2,121
Madrid Barajas,2026-02-25T18:00,20.1,0.0,1.8,101
Madrid Barajas,2026-02-25T19:00,18.2,0.0,2.9,360
Madrid Barajas,2026-02-25T20:00,15.2,0.0,4.0,355
Madrid Barajas,2026-02-25T21:00,13.1,0.0,3.7,349
Madrid Barajas,2026-02-25T22:00,11.3,0.0,3.6,360
Madrid Barajas,2026-02-25T23:00,9.7,0.0,3.7,349
Madrid Barajas,2026-02-26T00:00,8.7,0.0,4.2,340
Madrid Barajas,2026-02-26T01:00,8.2,0.0,2.7,23
Madrid Barajas,2026-02-26T02:00,7.6,0.0,3.2,360
Madrid Barajas,2026-02-26T03:00,6.7,0.0,3.4,342
Madrid Barajas,2026-02-26T04:00,6.1,0.0,4.2,340
Madrid Barajas,2026-02-26T05:00,5.5,0.0,4.0,333
Madrid Barajas,2026-02-26T06:00,5.1,0.0,3.7,331
Madrid Barajas,2026-02-26T07:00,4.5,0.0,3.0,346
Madrid Barajas,2026-02-26T08:00,3.9,0.0,3.1,339
Madrid Barajas,2026-02-26T09:00,4.2,0.0,2.9,330
Madrid Barajas,2026-02-26T10:00,7.9,0.0,2.2,351
Madrid Barajas,2026-02-26T11:00,11.7,0.0,2.6,16
Madrid Barajas,2026-02-26T12:00,15.3,0.0,3.6,45
Madrid Barajas,2026-02-26T13:00,17.6,0.0,3.1,69
Madrid Barajas,2026-02-26T14:00,18.9,0.0,2.5,82
Madrid Barajas,2026-02-26T15:00,19.8,0.0,3.2,117
Madrid Barajas,2026-02-26T16:00,21.0,0.0,2.9,97
Madrid Barajas,2026-02-26T17:00,20.8,0.0,3.1,111
Madrid Barajas,2026-02-26T18:00,20.5,0.0,1.8,90
Madrid Barajas,2026-02-26T19:00,18.8,0.0,3.0,346
Madrid Barajas,2026-02-26T20:00,15.8,0.0,3.8,343
Madrid Barajas,2026-02-26T21:00,13.8,0.0,2.7,337
Madrid Barajas,2026-02-26T22:00,12.0,0.0,2.8,40
Madrid Barajas,2026-02-26T23:00,10.0,0.0,3.4,18
Madrid Barajas,2026-02-27T00:00,8.0,0.0,3.2,360
Madrid Barajas,2026-02-27T01:00,7.1,0.0,3.6,354
Madrid Barajas,2026-02-27T02:00,6.6,0.0,3.3,354
Madrid Barajas,2026-02-27T03:00,6.0,0.0,2.9,353
Madrid Barajas,2026-02-27T04:00,5.3,0.0,3.2,360
Madrid Barajas,2026-02-27T05:00,4.7,0.0,2.9,353
Madrid Barajas,2026-02-27T06:00,4.3,0.0,3.1,339
Madrid Barajas,2026-02-27T07:00,3.8,0.0,3.3,347
Madrid Barajas,2026-02-27T08:00,3.4,0.0,3.1,339
Madrid Barajas,2026-02-27T09:00,4.0,0.0,2.7,337
Madrid Barajas,2026-02-27T10:00,7.2,0.0,2.2,9
Madrid Barajas,2026-02-27T11:00,11.1,0.0,1.5,45
Madrid Barajas,2026-02-27T12:00,14.2,0.0,2.4,117
Madrid Barajas,2026-02-27T13:00,16.1,0.0,4.2,160
Madrid Barajas,2026-02-27T14:00,17.6,0.0,6.2,173
Madrid Barajas,2026-02-27T15:00,18.9,0.0,8.0,175
Madrid Barajas,2026-02-27T16:00,19.7,0.0,8.2,195
Madrid Barajas,2026-02-27T17:00,19.9,0.0,8.2,203
Madrid Barajas,2026-02-27T18:00,19.4,0.0,8.4,245
Madrid Barajas,2026-02-27T19:00,17.4,0.0,5.8,240
Madrid Barajas,2026-02-27T20:00,14.4,0.0,9.8,8
Madrid Barajas,2026-02-27T21:00,12.5,0.0,10.0,30
Madrid Barajas,2026-02-27T22:00,12.0,0.0,6.1,40
Madrid Barajas,2026-02-27T23:00,11.3,0.0,3.4,58
Madrid Barajas,2026-02-28T00:00,10.4,0.0,3.4,18
Madrid Barajas,2026-02-28T01:00,9.1,0.0,4.5,346
Madrid Barajas,2026-02-28T02:00,8.7,0.0,4.0,5
Madrid Barajas,2026-02-28T03:00,8.5,0.0,4.0,10
Madrid Barajas,2026-02-28T04:00,8.2,0.0,3.6,6
Madrid Barajas,2026-02-28T05:00,8.0,0.0,3.4,18
Madrid Barajas,2026-02-28T06:00,7.8,0.0,4.3,24
Madrid Barajas,2026-02-28T07:00,7.5,0.0,4.6,18
Madrid Barajas,2026-02-28T08:00,7.1,0.0,4.3,5
Madrid Barajas,2026-02-28T09:00,7.5,0.0,4.4,9
Madrid Barajas,2026-02-28T10:00,10.0,0.0,9.4,40
Madrid Barajas,2026-02-28T11:00,12.3,0.0,14.1,50
Madrid Barajas,2026-02-28T12:00,13.5,0.0,15.9,51
Madrid Barajas,2026-02-28T13:00,14.8,0.0,14.1,50
Madrid Barajas,2026-02-28T14:00,15.9,0.0,12.4,54
Madrid Barajas,2026-02-28T15:00,16.7,0.0,11.0,58
Madrid Barajas,2026-02-28T16:00,17.1,0.0,6.8,58
Madrid Barajas,2026-02-28T17:00,17.1,0.0,6.6,45
Madrid Barajas,2026-02-28T18:00,16.7,0.0,6.6,41
Madrid Barajas,2026-02-28T19:00,15.5,0.0,5.2,34
Madrid Barajas,2026-02-28T20:00,13.7,0.0,6.0,33
Madrid Barajas,2026-02-28T21:00,12.5,0.0,8.0,36
Madrid Barajas,2026-02-28T22:00,11.7,0.0,7.4,39
Madrid Barajas,2026-02-28T23:00,11.0,0.0,6.2,36
Madrid Barajas,2026-03-01T00:00,10.1,0.0,5.5,32
Madrid Barajas,2026-03-01T01:00,9.6,0.0,4.0,27
Madrid Barajas,2026-03-01T02:00,8.6,0.0,3.7,11
Madrid Barajas,2026-03-01T03:00,8.0,0.0,3.6,360
Madrid Barajas,2026-03-01T04:00,7.8,0.0,2.5,8
Madrid Barajas,2026-03-01T05:00,7.6,0.0,1.6,27
Madrid Barajas,2026-03-01T06:00,7.3,0.0,1.8,37
Madrid Barajas,2026-03-01T07:00,6.8,0.0,2.9,360
Madrid Barajas,2026-03-01T08:00,6.5,0.0,2.9,360
Madrid Barajas,2026-03-01T09:00,7.0,0.0,2.5,352
Madrid Barajas,2026-03-01T10:00,8.9,0.0,3.1,21
Madrid Barajas,2026-03-01T11:00,10.6,0.0,3.3,41
Madrid Barajas,2026-03-01T12:00,11.9,0.0,3.5,114
Madrid Barajas,2026-03-01T13:00,13.3,0.0,3.5,156
Madrid Barajas,2026-03-01T14:00,14.6,0.0,5.9,169
Madrid Barajas,2026-03-01T15:00,15.4,0.0,6.6,167
Madrid Barajas,2026-03-01T16:00,15.7,0.0,5.4,160
Madrid Barajas,2026-03-01T17:00,15.8,0.0,6.0,163
Madrid Barajas,2026-03-01T18:00,15.4,0.0,6.5,161
Madrid Barajas,2026-03-01T19:00,14.1,0.0,5.0,150
Madrid Barajas,2026-03-01T20:00,12.6,0.0,3.8,139
Madrid Barajas,2026-03-01T21:00,11.6,0.0,3.3,139
Madrid Barajas,2026-03-01T22:00,10.7,0.0,3.2,117
Madrid Barajas,2026-03-01T23:00,10.0,0.0,2.7,113
Madrid Barajas,2026-03-02T00:00,9.5,0.0,2.6,106
Madrid Barajas,2026-03-02T01:00,9.5,0.0,3.2,117
Madrid Barajas,2026-03-02T02:00,8.2,0.0,4.0,90
Madrid Barajas,2026-03-02T03:00,7.7,0.0,3.8,73
Madrid Barajas,2026-03-02T04:00,6.8,0.0,3.9,56
Madrid Barajas,2026-03-02T05:00,6.3,0.0,3.9,34
Madrid Barajas,2026-03-02T06:00,6.1,0.0,3.3,41
Madrid Barajas,2026-03-02T07:00,6.3,0.0,2.3,51
Madrid Barajas,2026-03-02T08:00,6.0,0.0,3.1,54
Madrid Barajas,2026-03-02T09:00,6.4,0.0,2.8,50
Madrid Barajas,2026-03-02T10:00,7.9,0.0,6.9,96
Madrid Barajas,2026-03-02T11:00,9.0,0.0,8.0,82
Madrid Barajas,2026-03-02T12:00,10.5,0.0,8.3,85
Madrid Barajas,2026-03-02T13:00,11.9,0.0,7.9,74
Madrid Barajas,2026-03-02T14:00,13.6,0.0,7.3,79
Madrid Barajas,2026-03-02T15:00,15.0,0.0,7.9,93
Madrid Barajas,2026-03-02T16:00,16.2,0.0,8.4,110
Madrid Barajas,2026-03-02T17:00,16.7,0.0,12.0,136
Madrid Barajas,2026-03-02T18:00,15.7,0.0,16.3,145
Madrid Barajas,2026-03-02T19:00,13.5,0.0,14.2,144
Madrid Barajas,2026-03-02T20:00,12.5,0.0,9.9,136
Madrid Barajas,2026-03-02T21:00,11.8,0.0,8.0,126
Madrid Barajas,2026-03-02T22:00,11.6,0.0,7.4,119
Madrid Barajas,2026-03-02T23:00,11.1,0.0,6.3,103
Madrid Barajas,2026-03-03T00:00,10.8,0.0,5.4,86
Madrid Barajas,2026-03-03T01:00,10.7,0.1,4.3,42
Madrid Barajas,2026-03-03T02:00,10.2,0.0,4.7,9
Madrid Barajas,2026-03-03T03:00,9.8,0.0,5.8,4
Madrid Barajas,2026-03-03T04:00,9.9,0.0,4.3,355
Madrid Barajas,2026-03-03T05:00,9.8,0.2,4.3,360
Madrid Barajas,2026-03-03T06:00,9.7,0.2,4.4,9
Madrid Barajas,2026-03-03T07:00,9.8,0.0,4.8,13
Madrid Barajas,2026-03-03T08:00,9.7,0.0,5.2,12
Madrid Barajas,2026-03-03T09:00,10.1,0.0,6.0,25
Madrid Barajas,2026-03-03T10:00,10.9,0.0,6.9,39
Madrid Barajas,2026-03-03T11:00,12.2,0.0,10.7,50
Madrid Barajas,2026-03-03T12:00,13.5,0.0,13.6,58
Madrid Barajas,2026-03-03T13:00,14.4,0.0,12.6,87
Madrid Barajas,2026-03-03T14:00,15.3,0.0,8.6,105
Madrid Barajas,2026-03-03T15:00,16.0,0.0,8.7,97
Madrid Barajas,2026-03-03T16:00,15.6,0.0,8.9,69
Madrid Barajas,2026-03-03T17:00,14.8,0.2,8.7,60
Madrid Barajas,2026-03-03T18:00,14.0,0.3,8.9,50
Madrid Barajas,2026-03-03T19:00,14.1,0.0,9.1,34
Madrid Barajas,2026-03-03T20:00,12.6,0.0,10.1,27
Madrid Barajas,2026-03-03T21:00,11.4,0.0,11.5,32
Madrid Barajas,2026-03-03T22:00,11.0,0.0,10.9,34
Madrid Barajas,2026-03-03T23:00,10.3,0.0,9.4,32
Madrid Barajas,2026-03-04T00:00,9.8,0.0,7.6,25
Madrid Barajas,2026-03-04T01:00,9.8,0.0,6.6,29
Madrid Barajas,2026-03-04T02:00,9.3,0.0,6.2,21
Madrid Barajas,2026-03-04T03:00,8.8,0.0,6.0,17
Madrid Barajas,2026-03-04T04:00,8.7,0.0,6.0,25
Madrid Barajas,2026-03-04T05:00,8.3,0.0,5.6,27
Madrid Barajas,2026-03-04T06:00,8.0,0.0,5.5,23
Madrid Barajas,2026-03-04T07:00,8.1,0.0,6.3,31
Madrid Barajas,2026-03-04T08:00,8.1,0.0,7.1,24
Madrid Barajas,2026-03-04T09:00,8.5,0.0,8.6,22
Madrid Barajas,2026-03-04T10:00,10.2,0.0,11.8,31
Madrid Barajas,2026-03-04T11:00,12.0,0.0,12.5,39
Madrid Barajas,2026-03-04T12:00,13.8,0.0,12.3,40
Madrid Barajas,2026-03-04T13:00,14.8,0.0,12.2,43
Madrid Barajas,2026-03-04T14:00,16.1,0.0,10.8,60
Madrid Barajas,2026-03-04T15:00,16.6,0.0,9.7,90
Madrid Barajas,2026-03-04T16:00,16.8,0.0,9.4,130
Madrid Barajas,2026-03-04T17:00,16.1,0.0,6.4,164
Madrid Barajas,2026-03-04T18:00,15.7,0.0,4.8,193
Madrid Barajas,2026-03-04T19:00,14.9,0.0,0.4,180
Madrid Barajas,2026-03-04T20:00,14.1,0.0,3.4,18
Madrid Barajas,2026-03-04T21:00,13.0,0.0,4.8,42
Madrid Barajas,2026-03-04T22:00,12.5,0.0,6.2,7
Madrid Barajas,2026-03-04T23:00,12.1,0.0,2.3,129
Madrid Barajas,2026-03-05T00:00,11.3,0.5,5.9,313
Madrid Barajas,2026-03-05T01:00,11.1,0.0,3.2,180
Madrid Barajas,2026-03-05T02:00,10.7,0.0,1.8,259
Madrid Barajas,2026-03-05T03:00,10.2,0.2,3.2,243
Madrid Barajas,2026-03-05T04:00,9.4,0.2,3.2,360
Madrid Barajas,2026-03-05T05:00,9.1,0.1,3.6,323
Madrid Barajas,2026-03-05T06:00,8.9,0.0,3.4,342
Madrid Barajas,2026-03-05T07:00,8.7,0.0,4.7,356
Madrid Barajas,2026-03-05T08:00,8.5,0.0,4.0,10
Madrid Barajas,2026-03-05T09:00,9.0,0.0,3.2,360
Madrid Barajas,2026-03-05T10:00,10.4,0.0,5.9,14
Madrid Barajas,2026-03-05T11:00,11.9,0.0,5.2,25
Madrid Barajas,2026-03-05T12:00,13.6,0.0,3.3,13
Madrid Barajas,2026-03-05T13:00,15.2,0.0,2.1,31
Madrid Barajas,2026-03-05T14:00,16.2,0.0,3.6,360
Madrid Barajas,2026-03-05T15:00,16.8,0.0,5.9,346
Madrid Barajas,2026-03-05T16:00,17.0,0.0,9.7,338
Madrid Barajas,2026-03-05T17:00,16.6,0.0,6.8,328
Madrid Barajas,2026-03-05T18:00,16.1,0.0,5.1,309
Madrid Barajas,2026-03-05T19:00,14.7,0.1,2.6,16
Madrid Barajas,2026-03-05T20:00,14.1,0.1,4.3,48
Madrid Barajas,2026-03-05T21:00,12.7,0.6,6.9,51
Madrid Barajas,2026-03-05T22:00,11.4,0.9,10.2,48
Madrid Barajas,2026-03-05T23:00,10.7,1.0,11.0,32
Madrid Barajas,2026-03-06T00:00,10.1,0.8,9.4,18
Madrid Barajas,2026-03-06T01:00,9.4,0.4,9.3,28
Madrid Barajas,2026-03-06T02:00,9.3,1.0,8.5,36
Madrid Barajas,2026-03-06T03:00,9.4,1.5,7.1,41
Madrid Barajas,2026-03-06T04:00,9.3,1.0,7.6,45
Madrid Barajas,2026-03-06T05:00,9.4,1.4,7.5,55
Madrid Barajas,2026-03-06T06:00,9.5,0.3,6.6,49
Madrid Barajas,2026-03-06T07:00,9.2,0.0,6.9,39
Madrid Barajas,2026-03-06T08:00,8.6,0.0,7.7,37
Madrid Barajas,2026-03-06T09:00,9.5,0.0,10.7,45
Madrid Barajas,2026-03-06T10:00,10.5,0.0,14.0,48
Madrid Barajas,2026-03-06T11:00,10.6,0.2,14.8,45
Madrid Barajas,2026-03-06T12:00,10.6,0.7,16.4,40
Madrid Barajas,2026-03-06T13:00,10.1,1.5,12.2,24
Madrid Barajas,2026-03-06T14:00,11.0,0.4,14.3,28
Madrid Barajas,2026-03-06T15:00,11.5,0.2,20.0,38
Madrid Barajas,2026-03-06T16:00,10.9,0.6,18.2,39
Madrid Barajas,2026-03-06T17:00,10.5,0.6,17.9,34
Madrid Barajas,2026-03-06T18:00,10.2,0.5,13.8,33
Madrid Barajas,2026-03-06T19:00,9.8,0.0,15.6,40
Madrid Barajas,2026-03-06T20:00,9.3,0.0,13.0,44
Madrid Barajas,2026-03-06T21:00,8.9,0.0,12.5,41
Madrid Barajas,2026-03-06T22:00,9.1,0.0,14.3,43
Madrid Barajas,2026-03-06T23:00,8.8,0.0,11.5,41
Madrid Barajas,2026-03-07T00:00,8.4,0.0,8.7,45
Madrid Barajas,2026-03-07T01:00,8.3,0.1,7.7,49
Madrid Barajas,2026-03-07T02:00,7.9,0.2,6.6,45
Madrid Barajas,2026-03-07T03:00,7.7,0.3,5.4,20
Madrid Barajas,2026-03-07T04:00,7.7,0.1,3.8,17
Madrid Barajas,2026-03-07T05:00,7.7,0.0,3.7,11
Madrid Barajas,2026-03-07T06:00,7.6,0.2,4.0,360
Madrid Barajas,2026-03-07T07:00,7.4,0.5,3.3,6
Madrid Barajas,2026-03-07T08:00,7.3,0.1,1.8,11
Madrid Barajas,2026-03-07T09:00,7.6,0.3,1.8,349
Madrid Barajas,2026-03-07T10:00,8.6,0.2,4.0,360
Madrid Barajas,2026-03-07T11:00,9.1,0.6,6.9,354
Madrid Barajas,2026-03-07T12:00,9.4,1.0,15.8,47
Madrid Barajas,2026-03-07T13:00,9.3,0.4,12.6,59
Madrid Barajas,2026-03-07T14:00,9.2,0.7,7.0,55
Madrid Barajas,2026-03-07T15:00,10.0,0.1,5.1,45
Madrid Barajas,2026-03-07T16:00,10.8,0.0,1.6,27
Madrid Barajas,2026-03-07T17:00,11.0,0.0,1.8,349
Madrid Barajas,2026-03-07T18:00,10.9,0.0,3.2,360
Madrid Barajas,2026-03-07T19:00,10.2,0.0,3.1,339
Madrid Barajas,2026-03-07T20:00,9.3,0.0,4.0,10
Madrid Barajas,2026-03-07T21:00,8.7,0.0,4.1,15
Madrid Barajas,2026-03-07T22:00,8.3,0.0,3.5,24
Madrid Barajas,2026-03-07T23:00,7.8,0.0,3.7,11
Madrid Barajas,2026-03-08T00:00,7.4,0.0,3.4,18
Madrid Barajas,2026-03-08T01:00,7.3,0.0,3.1,21
Madrid Barajas,2026-03-08T02:00,7.3,0.0,2.4,27
Madrid Barajas,2026-03-08T03:00,7.4,0.0,2.0,45
Madrid Barajas,2026-03-08T04:00,7.5,0.1,2.6,34
Madrid Barajas,2026-03-08T05:00,7.5,0.2,2.6,34
Madrid Barajas,2026-03-08T06:00,7.4,0.1,2.7,23
Madrid Barajas,2026-03-08T07:00,7.5,0.0,3.3,13
Madrid Barajas,2026-03-08T08:00,7.5,0.0,3.0,14
Madrid Barajas,2026-03-08T09:00,7.7,0.1,3.7,29
Madrid Barajas,2026-03-08T10:00,8.1,0.4,5.2,65
Madrid Barajas,2026-03-08T11:00,8.5,0.5,5.7,72
Madrid Barajas,2026-03-08T12:00,9.6,0.1,5.6,75
Madrid Barajas,2026-03-08T13:00,10.4,0.0,3.3,77
Madrid Barajas,2026-03-08T14:00,11.5,0.0,2.9,83
Madrid Barajas,2026-03-08T15:00,11.7,0.1,1.5,14
Madrid Barajas,2026-03-08T16:00,12.1,0.2,2.0,315
Madrid Barajas,2026-03-08T17:00,11.4,0.6,4.3,318
Madrid Barajas,2026-03-08T18:00,10.4,0.9,5.2,348
Madrid Barajas,2026-03-08T19:00,9.8,0.5,1.5,45
Madrid Barajas,2026-03-08T20:00,9.3,0.1,2.5,98
Madrid Barajas,2026-03-08T21:00,8.9,0.0,1.5,104
Madrid Barajas,2026-03-08T22:00,8.5,0.0,1.5,225
Madrid Barajas,2026-03-08T23:00,7.9,0.0,1.8,217
Madrid Barajas,2026-03-09T00:00,7.4,0.0,1.5,225
Madrid Barajas,2026-03-09T01:00,7.2,0.0,1.1,72
Madrid Barajas,2026-03-09T02:00,6.6,0.0,2.0,45
Madrid Barajas,2026-03-09T03:00,5.8,0.0,2.2,9
Madrid Barajas,2026-03-09T04:00,5.0,0.0,2.4,27
Madrid Barajas,2026-03-09T05:00,5.0,0.0,1.9,22
Madrid Barajas,2026-03-09T06:00,5.1,0.0,2.4,27
Madrid Barajas,2026-03-09T07:00,5.2,0.0,1.8,37
Madrid Barajas,2026-03-09T08:00,5.4,0.2,1.9,68
Madrid Barajas,2026-03-09T09:00,5.8,0.0,2.0,45
Madrid Barajas,2026-03-09T10:00,6.9,0.0,2.6,74
Madrid Barajas,2026-03-09T11:00,8.0,0.0,3.9,112
Madrid Barajas,2026-03-09T12:00,9.3,0.1,8.0,172
Madrid Barajas,2026-03-09T13:00,9.8,0.1,7.8,193
Madrid Barajas,2026-03-09T14:00,10.4,0.0,8.9,207
Madrid Barajas,2026-03-09T15:00,10.5,0.4,8.4,200
Madrid Barajas,2026-03-09T16:00,10.4,0.5,8.9,212
Madrid Barajas,2026-03-09T17:00,10.0,0.6,7.2,198
Madrid Barajas,2026-03-09T18:00,9.6,0.6,6.0,197
Madrid Barajas,2026-03-09T19:00,9.1,0.8,7.7,229
Madrid Barajas,2026-03-09T20:00,8.3,0.9,7.1,225
Madrid Barajas,2026-03-09T21:00,7.5,0.2,10.0,221
Madrid Barajas,2026-03-09T22:00,6.9,0.3,6.9,219
Madrid Barajas,2026-03-09T23:00,6.7,0.2,6.3,204
